Workbook
Name Slicer_Admission_Type: #N/A
Name Slicer_Age_Group: #N/A
Name Slicer_Country: #N/A
Name Slicer_Department: #N/A
Name Slicer_Duplicate_Test: #N/A
Name Slicer_FHIR_Status: #N/A
Name Slicer_Hospital_Name: #N/A
Name tblHospitals: Table1[#All]
Name tblHospitals: Table1[#All]
Name tblHospitals: Table1[#All]

Sheet 01_Hospitals
A1: Hospital_ID | B1: Hospital_Name | C1: Country | D1: Hospital_Type | E1: Beds | F1: EHR_System | G1: EHR_Adoption_Pct | H1: FHIR_Enabled | I1: SNOMED_CT | J1: LOINC | K1: Patient_Portal | L1: Digital_Training_Pct | M1: Digital_Gap | N1: Digital_Readiness_Level
A2: H001 | B2: Nova Medical Centre | C2: Germany | D2: University Hospital | E2: 720 | F2: MediCore Suite | G2: 0.96 | H2: Yes | I2: Yes | J2: Yes | K2: Yes | L2: 0.91 | M2: =IF(AND(Table1[[#This Row],[EHR_Adoption_Pct]]>=90%,Table1[[#This Row],[FHIR_Enabled]]<>"Yes"),"High Adoption - Interoperability Gap","No Major Gap") -> No Major Gap | N2: =IF(Table1[[#This Row],[EHR_Adoption_Pct]]>=90%,"Advanced",IF(Table1[[#This Row],[EHR_Adoption_Pct]]>=75%,"Developing","Needs Improvement")) -> Advanced
A3: H002 | B3: Aurora Medical Centre | C3: Netherland | D3: Community Hospital | E3: 460 | F3: CareLink Connect | G3: 0.93 | H3: Yes | I3: Yes | J3: Yes | K3: Yes | L3: 0.88 | M3: =IF(AND(Table1[[#This Row],[EHR_Adoption_Pct]]>=90%,Table1[[#This Row],[FHIR_Enabled]]<>"Yes"),"High Adoption - Interoperability Gap","No Major Gap") -> No Major Gap | N3: =IF(Table1[[#This Row],[EHR_Adoption_Pct]]>=90%,"Advanced",IF(Table1[[#This Row],[EHR_Adoption_Pct]]>=75%,"Developing","Needs Improvement")) -> Advanced
A4: H003 | B4: Helis General Hospital | C4: Austria | D4: General Hospital | E4: 380 | F4: MediCore Suite | G4: 0.84 | H4: Partial | I4: Partial | J4: Yes | K4: Limited | L4: 0.72 | M4: =IF(AND(Table1[[#This Row],[EHR_Adoption_Pct]]>=90%,Table1[[#This Row],[FHIR_Enabled]]<>"Yes"),"High Adoption - Interoperability Gap","No Major Gap") -> No Major Gap | N4: =IF(Table1[[#This Row],[EHR_Adoption_Pct]]>=90%,"Advanced",IF(Table1[[#This Row],[EHR_Adoption_Pct]]>=75%,"Developing","Needs Improvement")) -> Developing
A5: H004 | B5: St. Clara Medical Centre | C5: France | D5: Speciality Hospital | E5: 290 | F5: Vitalis Clinical | G5: 0.89 | H5: Yes | I5: Yes | J5: Partial | K5: Yes | L5: 0.79 | M5: =IF(AND(Table1[[#This Row],[EHR_Adoption_Pct]]>=90%,Table1[[#This Row],[FHIR_Enabled]]<>"Yes"),"High Adoption - Interoperability Gap","No Major Gap") -> No Major Gap | N5: =IF(Table1[[#This Row],[EHR_Adoption_Pct]]>=90%,"Advanced",IF(Table1[[#This Row],[EHR_Adoption_Pct]]>=75%,"Developing","Needs Improvement")) -> Developing
A6: H005 | B6: Europa Health Institute | C6: Belgium | D6: Private Multispecialty Hospital | E6: 650 | F6: NexaChart Pro | G6: 0.94 | H6: Yes | I6: Yes | J6: Yes | K6: Yes | L6: 0.86 | M6: =IF(AND(Table1[[#This Row],[EHR_Adoption_Pct]]>=90%,Table1[[#This Row],[FHIR_Enabled]]<>"Yes"),"High Adoption - Interoperability Gap","No Major Gap") -> No Major Gap | N6: =IF(Table1[[#This Row],[EHR_Adoption_Pct]]>=90%,"Advanced",IF(Table1[[#This Row],[EHR_Adoption_Pct]]>=75%,"Developing","Needs Improvement")) -> Advanced
A7: H006 | B7: Marbel General Hospital | C7: Sweden | D7: General Hospital | E7: 410 | F7: CareLink Connect | G7: 0.97 | H7: Yes | I7: Yes | J7: Yes | K7: Yes | L7: 0.93 | M7: =IF(AND(Table1[[#This Row],[EHR_Adoption_Pct]]>=90%,Table1[[#This Row],[FHIR_Enabled]]<>"Yes"),"High Adoption - Interoperability Gap","No Major Gap") -> No Major Gap | N7: =IF(Table1[[#This Row],[EHR_Adoption_Pct]]>=90%,"Advanced",IF(Table1[[#This Row],[EHR_Adoption_Pct]]>=75%,"Developing","Needs Improvement")) -> Advanced
A8: H007 | B8: Helix Medical Centre | C8: Denmark | D8: University Hospital | E8: 210 | F8: Vitalis Clinical | G8: 0.78 | H8: Partial | I8: Partial | J8: Partial | K8: Partial | L8: 0.66 | M8: =IF(AND(Table1[[#This Row],[EHR_Adoption_Pct]]>=90%,Table1[[#This Row],[FHIR_Enabled]]<>"Yes"),"High Adoption - Interoperability Gap","No Major Gap") -> No Major Gap | N8: =IF(Table1[[#This Row],[EHR_Adoption_Pct]]>=90%,"Advanced",IF(Table1[[#This Row],[EHR_Adoption_Pct]]>=75%,"Developing","Needs Improvement")) -> Developing
A9: H008 | B9: St.Aldric University Hospital | C9: Finland | D9: University Hospital | E9: 520 | F9: MediCore Suite | G9: 0.86 | H9: Yes | I9: Yes | J9: Partial | K9: Yes | L9: 0.74 | M9: =IF(AND(Table1[[#This Row],[EHR_Adoption_Pct]]>=90%,Table1[[#This Row],[FHIR_Enabled]]<>"Yes"),"High Adoption - Interoperability Gap","No Major Gap") -> No Major Gap | N9: =IF(Table1[[#This Row],[EHR_Adoption_Pct]]>=90%,"Advanced",IF(Table1[[#This Row],[EHR_Adoption_Pct]]>=75%,"Developing","Needs Improvement")) -> Developing
A10: H009 | B10: Clinica Santa Marisol | C10: Spain | D10: Community Hospital | E10: 340 | F10: Solvia HIS | G10: 0.73 | H10: Partial | I10: Partial | J10: No | K10: Limited | L10: 0.58 | M10: =IF(AND(Table1[[#This Row],[EHR_Adoption_Pct]]>=90%,Table1[[#This Row],[FHIR_Enabled]]<>"Yes"),"High Adoption - Interoperability Gap","No Major Gap") -> No Major Gap | N10: =IF(Table1[[#This Row],[EHR_Adoption_Pct]]>=90%,"Advanced",IF(Table1[[#This Row],[EHR_Adoption_Pct]]>=75%,"Developing","Needs Improvement")) -> Needs Improvement
A11: H010 | B11: Nordhavan Regional Medical Centre | C11: Italy | D11: University Hospital | E11: 180 | F11: NexaChart Pro | G11: 0.69 | H11: No | I11: No | J11: Partial | K11: No | L11: 0.51 | M11: =IF(AND(Table1[[#This Row],[EHR_Adoption_Pct]]>=90%,Table1[[#This Row],[FHIR_Enabled]]<>"Yes"),"High Adoption - Interoperability Gap","No Major Gap") -> No Major Gap | N11: =IF(Table1[[#This Row],[EHR_Adoption_Pct]]>=90%,"Advanced",IF(Table1[[#This Row],[EHR_Adoption_Pct]]>=75%,"Developing","Needs Improvement")) -> Needs Improvement
A16: Sr No. | B16: Question | C16: Result
A17: Q 1 | B17: How many hospitals are fully FHIR-enabled? | C17: =COUNTIF(Table1[[#All],[FHIR_Enabled]],H2) -> 6
A18: Q 2 | B18: What is the average EHR adoption? | C18: =AVERAGE(Table1[EHR_Adoption_Pct]) -> 0.859
A19: Q 3 | B19: What is the average digital-training percentage? | C19: =AVERAGE(Table1[Digital_Training_Pct]) -> 0.758
A20: Q 4 | B20: How many hospitals use SNOMED CT fully? | C20: =COUNTIF(Table1[[#All],[SNOMED_CT]],I2) -> 6
A22: Q 5 | B22: How many hospitals have:EHR adoption ≥90% but are not fully FHIR-enabled? | C22: {=IF(AND(Table1[[#All],[EHR_Adoption_Pct]]>=90%,Table1[[#All],[FHIR_Enabled]]<>"Yes"),"High Adoption - Interoperability Gap","No Major Gap")} -> No Major Gap

Sheet 02_ENCOUNTERS
A1: Encounter_ID | B1: Patient_ID | C1: Hospital_ID | D1: Age | E1: Age_Group | F1: Sex | G1: Department | H1: Admission_Type | I1: Admission_Date | J1: Discharge_Date | K1: LOS_Days | L1: Readmission_30D | M1: Discharge_Destination | N1: Documentation_Complete | O1: Duplicate_Test | P1: Referral_Required | Q1: Hospital_Name | R1: Country | S1: FHIR_Status
A2: E0001 | B2: P0001 | C2: H001 | D2: 34 | E2: =IF(tblEncounters[[#This Row],[Age]]<30,"18-29",IF(tblEncounters[[#This Row],[Age]]<45,"30-44",IF(tblEncounters[[#This Row],[Age]]<60,"45-59",IF(tblEncounters[[#This Row],[Age]]<75,"60-74","75+")))) -> 30-44 | F2: Female | G2: General Medicine | H2: Emergency | I2: 46074 | J2: =tblEncounters[[#This Row],[Admission_Date]]+RANDBETWEEN(1,12) -> 46085 | K2: =tblEncounters[[#This Row],[Discharge_Date]]-tblEncounters[[#This Row],[Admission_Date]] -> 11 | L2: Yes | M2: Home | N2: Yes | O2: Yes | P2: Yes | Q2: =_xlfn.XLOOKUP(tblEncounters[[#This Row],[Hospital_ID]],Table1[Hospital_ID],Table1[Hospital_Name],"Not Found") -> Nova Medical Centre | R2: =_xlfn.XLOOKUP(tblEncounters[[#This Row],[Hospital_ID]],Table1[Hospital_ID],Table1[Country],"Not Found") -> Germany | S2: =_xlfn.XLOOKUP(tblEncounters[[#This Row],[Hospital_ID]],Table1[Hospital_ID],Table1[FHIR_Enabled],"Not Found") -> Yes
A3: E0002 | B3: P0002 | C3: H002 | D3: 72 | E3: =IF(tblEncounters[[#This Row],[Age]]<30,"18-29",IF(tblEncounters[[#This Row],[Age]]<45,"30-44",IF(tblEncounters[[#This Row],[Age]]<60,"45-59",IF(tblEncounters[[#This Row],[Age]]<75,"60-74","75+")))) -> 60-74 | F3: Male | G3: Cardiology | H3: Planned | I3: 46109 | J3: =tblEncounters[[#This Row],[Admission_Date]]+RANDBETWEEN(1,12) -> 46116 | K3: =tblEncounters[[#This Row],[Discharge_Date]]-tblEncounters[[#This Row],[Admission_Date]] -> 7 | L3: No | M3: Rehabilitation | N3: Yes | O3: No | P3: No | Q3: =_xlfn.XLOOKUP(tblEncounters[[#This Row],[Hospital_ID]],Table1[Hospital_ID],Table1[Hospital_Name],"Not Found") -> Aurora Medical Centre | R3: =_xlfn.XLOOKUP(tblEncounters[[#This Row],[Hospital_ID]],Table1[Hospital_ID],Table1[Country],"Not Found") -> Netherland | S3: =_xlfn.XLOOKUP(tblEncounters[[#This Row],[Hospital_ID]],Table1[Hospital_ID],Table1[FHIR_Enabled],"Not Found") -> Yes
A4: E0003 | B4: P0003 | C4: H003 | D4: 89 | E4: =IF(tblEncounters[[#This Row],[Age]]<30,"18-29",IF(tblEncounters[[#This Row],[Age]]<45,"30-44",IF(tblEncounters[[#This Row],[Age]]<60,"45-59",IF(tblEncounters[[#This Row],[Age]]<75,"60-74","75+")))) -> 75+ | F4: Male | G4: Neurology | H4: Emergency | I4: 46035 | J4: =tblEncounters[[#This Row],[Admission_Date]]+RANDBETWEEN(1,12) -> 46036 | K4: =tblEncounters[[#This Row],[Discharge_Date]]-tblEncounters[[#This Row],[Admission_Date]] -> 1 | L4: Yes | M4: Another Hospital | N4: Yes | O4: No | P4: No | Q4: =_xlfn.XLOOKUP(tblEncounters[[#This Row],[Hospital_ID]],Table1[Hospital_ID],Table1[Hospital_Name],"Not Found") -> Helis General Hospital | R4: =_xlfn.XLOOKUP(tblEncounters[[#This Row],[Hospital_ID]],Table1[Hospital_ID],Table1[Country],"Not Found") -> Austria | S4: =_xlfn.XLOOKUP(tblEncounters[[#This Row],[Hospital_ID]],Table1[Hospital_ID],Table1[FHIR_Enabled],"Not Found") -> Partial
A5: E0004 | B5: P0004 | C5: H004 | D5: 49 | E5: =IF(tblEncounters[[#This Row],[Age]]<30,"18-29",IF(tblEncounters[[#This Row],[Age]]<45,"30-44",IF(tblEncounters[[#This Row],[Age]]<60,"45-59",IF(tblEncounters[[#This Row],[Age]]<75,"60-74","75+")))) -> 45-59 | F5: Female | G5: Orthopaedics | H5: Planned | I5: 46078 | J5: =tblEncounters[[#This Row],[Admission_Date]]+RANDBETWEEN(1,12) -> 46086 | K5: =tblEncounters[[#This Row],[Discharge_Date]]-tblEncounters[[#This Row],[Admission_Date]] -> 8 | L5: No | M5: Nursing Facility | N5: Yes | O5: No | P5: No | Q5: =_xlfn.XLOOKUP(tblEncounters[[#This Row],[Hospital_ID]],Table1[Hospital_ID],Table1[Hospital_Name],"Not Found") -> St. Clara Medical Centre | R5: =_xlfn.XLOOKUP(tblEncounters[[#This Row],[Hospital_ID]],Table1[Hospital_ID],Table1[Country],"Not Found") -> France | S5: =_xlfn.XLOOKUP(tblEncounters[[#This Row],[Hospital_ID]],Table1[Hospital_ID],Table1[FHIR_Enabled],"Not Found") -> Yes
A6: E0005 | B6: P0005 | C6: H005 | D6: 87 | E6: =IF(tblEncounters[[#This Row],[Age]]<30,"18-29",IF(tblEncounters[[#This Row],[Age]]<45,"30-44",IF(tblEncounters[[#This Row],[Age]]<60,"45-59",IF(tblEncounters[[#This Row],[Age]]<75,"60-74","75+")))) -> 75+ | F6: Male | G6: Psychiatry | H6: Emergency | I6: 46050 | J6: =tblEncounters[[#This Row],[Admission_Date]]+RANDBETWEEN(1,12) -> 46057 | K6: =tblEncounters[[#This Row],[Discharge_Date]]-tblEncounters[[#This Row],[Admission_Date]] -> 7 | L6: No | M6: Against Medical Advice | N6: Yes | O6: No | P6: Yes | Q6: =_xlfn.XLOOKUP(tblEncounters[[#This Row],[Hospital_ID]],Table1[Hospital_ID],Table1[Hospital_Name],"Not Found") -> Europa Health Institute | R6: =_xlfn.XLOOKUP(tblEncounters[[#This Row],[Hospital_ID]],Table1[Hospital_ID],Table1[Country],"Not Found") -> Belgium | S6: =_xlfn.XLOOKUP(tblEncounters[[#This Row],[Hospital_ID]],Table1[Hospital_ID],Table1[FHIR_Enabled],"Not Found") -> Yes
A7: E0006 | B7: P0006 | C7: H006 | D7: 37 | E7: =IF(tblEncounters[[#This Row],[Age]]<30,"18-29",IF(tblEncounters[[#This Row],[Age]]<45,"30-44",IF(tblEncounters[[#This Row],[Age]]<60,"45-59",IF(tblEncounters[[#This Row],[Age]]<75,"60-74","75+")))) -> 30-44 | F7: Female | G7: General Surgery | H7: Planned | I7: 46112 | J7: =tblEncounters[[#This Row],[Admission_Date]]+RANDBETWEEN(1,12) -> 46119 | K7: =tblEncounters[[#This Row],[Discharge_Date]]-tblEncounters[[#This Row],[Admission_Date]] -> 7 | L7: No | M7: Home | N7: Yes | O7: No | P7: Yes | Q7: =_xlfn.XLOOKUP(tblEncounters[[#This Row],[Hospital_ID]],Table1[Hospital_ID],Table1[Hospital_Name],"Not Found") -> Marbel General Hospital | R7: =_xlfn.XLOOKUP(tblEncounters[[#This Row],[Hospital_ID]],Table1[Hospital_ID],Table1[Country],"Not Found") -> Sweden | S7: =_xlfn.XLOOKUP(tblEncounters[[#This Row],[Hospital_ID]],Table1[Hospital_ID],Table1[FHIR_Enabled],"Not Found") -> Yes
A8: E0007 | B8: P0007 | C8: H007 | D8: 65 | E8: =IF(tblEncounters[[#This Row],[Age]]<30,"18-29",IF(tblEncounters[[#This Row],[Age]]<45,"30-44",IF(tblEncounters[[#This Row],[Age]]<60,"45-59",IF(tblEncounters[[#This Row],[Age]]<75,"60-74","75+")))) -> 60-74 | F8: Female | G8: General Medicine | H8: Emergency | I8: 46035 | J8: =tblEncounters[[#This Row],[Admission_Date]]+RANDBETWEEN(1,12) -> 46037 | K8: =tblEncounters[[#This Row],[Discharge_Date]]-tblEncounters[[#This Row],[Admission_Date]] -> 2 | L8: No | M8: Rehabilitation | N8: Yes | O8: Yes | P8: No | Q8: =_xlfn.XLOOKUP(tblEncounters[[#This Row],[Hospital_ID]],Table1[Hospital_ID],Table1[Hospital_Name],"Not Found") -> Helix Medical Centre | R8: =_xlfn.XLOOKUP(tblEncounters[[#This Row],[Hospital_ID]],Table1[Hospital_ID],Table1[Country],"Not Found") -> Denmark | S8: =_xlfn.XLOOKUP(tblEncounters[[#This Row],[Hospital_ID]],Table1[Hospital_ID],Table1[FHIR_Enabled],"Not Found") -> Partial
A9: E0008 | B9: P0008 | C9: H008 | D9: 44 | E9: =IF(tblEncounters[[#This Row],[Age]]<30,"18-29",IF(tblEncounters[[#This Row],[Age]]<45,"30-44",IF(tblEncounters[[#This Row],[Age]]<60,"45-59",IF(tblEncounters[[#This Row],[Age]]<75,"60-74","75+")))) -> 30-44 | F9: Male | G9: Cardiology | H9: Planned | I9: 46075 | J9: =tblEncounters[[#This Row],[Admission_Date]]+RANDBETWEEN(1,12) -> 46084 | K9: =tblEncounters[[#This Row],[Discharge_Date]]-tblEncounters[[#This Row],[Admission_Date]] -> 9 | L9: No | M9: Another Hospital | N9: Yes | O9: No | P9: Yes | Q9: =_xlfn.XLOOKUP(tblEncounters[[#This Row],[Hospital_ID]],Table1[Hospital_ID],Table1[Hospital_Name],"Not Found") -> St.Aldric University Hospital | R9: =_xlfn.XLOOKUP(tblEncounters[[#This Row],[Hospital_ID]],Table1[Hospital_ID],Table1[Country],"Not Found") -> Finland | S9: =_xlfn.XLOOKUP(tblEncounters[[#This Row],[Hospital_ID]],Table1[Hospital_ID],Table1[FHIR_Enabled],"Not Found") -> Yes
A10: E0009 | B10: P0009 | C10: H009 | D10: 37 | E10: =IF(tblEncounters[[#This Row],[Age]]<30,"18-29",IF(tblEncounters[[#This Row],[Age]]<45,"30-44",IF(tblEncounters[[#This Row],[Age]]<60,"45-59",IF(tblEncounters[[#This Row],[Age]]<75,"60-74","75+")))) -> 30-44 | F10: Female | G10: Neurology | H10: Emergency | I10: 46057 | J10: =tblEncounters[[#This Row],[Admission_Date]]+RANDBETWEEN(1,12) -> 46061 | K10: =tblEncounters[[#This Row],[Discharge_Date]]-tblEncounters[[#This Row],[Admission_Date]] -> 4 | L10: Yes | M10: Nursing Facility | N10: Yes | O10: No | P10: No | Q10: =_xlfn.XLOOKUP(tblEncounters[[#This Row],[Hospital_ID]],Table1[Hospital_ID],Table1[Hospital_Name],"Not Found") -> Clinica Santa Marisol | R10: =_xlfn.XLOOKUP(tblEncounters[[#This Row],[Hospital_ID]],Table1[Hospital_ID],Table1[Country],"Not Found") -> Spain | S10: =_xlfn.XLOOKUP(tblEncounters[[#This Row],[Hospital_ID]],Table1[Hospital_ID],Table1[FHIR_Enabled],"Not Found") -> Partial
A11: E0010 | B11: P0010 | C11: H010 | D11: 39 | E11: =IF(tblEncounters[[#This Row],[Age]]<30,"18-29",IF(tblEncounters[[#This Row],[Age]]<45,"30-44",IF(tblEncounters[[#This Row],[Age]]<60,"45-59",IF(tblEncounters[[#This Row],[Age]]<75,"60-74","75+")))) -> 30-44 | F11: Male | G11: Orthopaedics | H11: Emergency | I11: 46105 | J11: =tblEncounters[[#This Row],[Admission_Date]]+RANDBETWEEN(1,12) -> 46115 | K11: =tblEncounters[[#This Row],[Discharge_Date]]-tblEncounters[[#This Row],[Admission_Date]] -> 10 | L11: No | M11: Against Medical Advice | N11: No | O11: No | P11: No | Q11: =_xlfn.XLOOKUP(tblEncounters[[#This Row],[Hospital_ID]],Table1[Hospital_ID],Table1[Hospital_Name],"Not Found") -> Nordhavan Regional Medical Centre | R11: =_xlfn.XLOOKUP(tblEncounters[[#This Row],[Hospital_ID]],Table1[Hospital_ID],Table1[Country],"Not Found") -> Italy | S11: =_xlfn.XLOOKUP(tblEncounters[[#This Row],[Hospital_ID]],Table1[Hospital_ID],Table1[FHIR_Enabled],"Not Found") -> No
A12: E0011 | B12: P0011 | C12: H001 | D12: 38 | E12: =IF(tblEncounters[[#This Row],[Age]]<30,"18-29",IF(tblEncounters[[#This Row],[Age]]<45,"30-44",IF(tblEncounters[[#This Row],[Age]]<60,"45-59",IF(tblEncounters[[#This Row],[Age]]<75,"60-74","75+")))) -> 30-44 | F12: Female | G12: Psychiatry | H12: Emergency | I12: 46103 | J12: =tblEncounters[[#This Row],[Admission_Date]]+RANDBETWEEN(1,12) -> 46104 | K12: =tblEncounters[[#This Row],[Discharge_Date]]-tblEncounters[[#This Row],[Admission_Date]] -> 1 | L12: No | M12: Home | N12: Yes | O12: No | P12: Yes | Q12: =_xlfn.XLOOKUP(tblEncounters[[#This Row],[Hospital_ID]],Table1[Hospital_ID],Table1[Hospital_Name],"Not Found") -> Nova Medical Centre | R12: =_xlfn.XLOOKUP(tblEncounters[[#This Row],[Hospital_ID]],Table1[Hospital_ID],Table1[Country],"Not Found") -> Germany | S12: =_xlfn.XLOOKUP(tblEncounters[[#This Row],[Hospital_ID]],Table1[Hospital_ID],Table1[FHIR_Enabled],"Not Found") -> Yes
A13: E0012 | B13: P0012 | C13: H002 | D13: 79 | E13: =IF(tblEncounters[[#This Row],[Age]]<30,"18-29",IF(tblEncounters[[#This Row],[Age]]<45,"30-44",IF(tblEncounters[[#This Row],[Age]]<60,"45-59",IF(tblEncounters[[#This Row],[Age]]<75,"60-74","75+")))) -> 75+ | F13: Female | G13: General Surgery | H13: Emergency | I13: 46107 | J13: =tblEncounters[[#This Row],[Admission_Date]]+RANDBETWEEN(1,12) -> 46116 | K13: =tblEncounters[[#This Row],[Discharge_Date]]-tblEncounters[[#This Row],[Admission_Date]] -> 9 | L13: No | M13: Rehabilitation | N13: Yes | O13: No | P13: No | Q13: =_xlfn.XLOOKUP(tblEncounters[[#This Row],[Hospital_ID]],Table1[Hospital_ID],Table1[Hospital_Name],"Not Found") -> Aurora Medical Centre | R13: =_xlfn.XLOOKUP(tblEncounters[[#This Row],[Hospital_ID]],Table1[Hospital_ID],Table1[Country],"Not Found") -> Netherland | S13: =_xlfn.XLOOKUP(tblEncounters[[#This Row],[Hospital_ID]],Table1[Hospital_ID],Table1[FHIR_Enabled],"Not Found") -> Yes
... A51: E0050 | B51: P0050 | C51: H010 | D51: 39 | E51: =IF(tblEncounters[[#This Row],[Age]]<30,"18-29",IF(tblEncounters[[#This Row],[Age]]<45,"30-44",IF(tblEncounters[[#This Row],[Age]]<60,"45-59",IF(tblEncounters[[#This Row],[Age]]<75,"60-74","75+")))) -> 30-44 | F51: Female | G51: Cardiology | H51: Emergency | I51: 46035 | J51: =tblEncounters[[#This Row],[Admission_Date]]+RANDBETWEEN(1,12) -> 46043 | K51: =tblEncounters[[#This Row],[Discharge_Date]]-tblEncounters[[#This Row],[Admission_Date]] -> 8 | L51: No | M51: Against Medical Advice | N51: Yes | O51: No | P51: Yes | Q51: =_xlfn.XLOOKUP(tblEncounters[[#This Row],[Hospital_ID]],Table1[Hospital_ID],Table1[Hospital_Name],"Not Found") -> Nordhavan Regional Medical Centre | R51: =_xlfn.XLOOKUP(tblEncounters[[#This Row],[Hospital_ID]],Table1[Hospital_ID],Table1[Country],"Not Found") -> Italy | S51: =_xlfn.XLOOKUP(tblEncounters[[#This Row],[Hospital_ID]],Table1[Hospital_ID],Table1[FHIR_Enabled],"Not Found") -> No

Sheet 02_ENCOUNTERS_RAW
A1: Encounter_ID | B1: Patient_ID | C1: Hospital_ID | D1: Age | E1: Age_Group | F1: Sex | G1: Department | H1: Admission_Type | I1: Admission_Date | J1: Discharge_Date | K1: LOS_Days | L1: Readmission_30D | M1: Discharge_Destination | N1: Documentation_Complete | O1: Duplicate_Test | P1: Referral_Required | Q1: Hospital_Name | R1: Country | S1: FHIR_Status
A2: E0001 | B2: P0001 | C2: H001 | D2: 34 | E2: =IF(tblEncounters6[[#This Row],[Age]]<30,"18-29",IF(tblEncounters6[[#This Row],[Age]]<45,"30-44",IF(tblEncounters6[[#This Row],[Age]]<60,"45-59",IF(tblEncounters6[[#This Row],[Age]]<75,"60-74","75+")))) -> 30-44 | F2: Female | G2: General Medicine | H2: Emergency | I2: 46074 | J2: =tblEncounters6[[#This Row],[Admission_Date]]+RANDBETWEEN(1,12) -> 46081 | K2: =tblEncounters6[[#This Row],[Discharge_Date]]-tblEncounters6[[#This Row],[Admission_Date]] -> 7 | L2: Yes | M2: Home | N2: Yes | O2: Yes | P2: Yes | Q2: =_xlfn.XLOOKUP(tblEncounters6[[#This Row],[Hospital_ID]],Table1[Hospital_ID],Table1[Hospital_Name],"Not Found") -> Nova Medical Centre | R2: =_xlfn.XLOOKUP(tblEncounters6[[#This Row],[Hospital_ID]],Table1[Hospital_ID],Table1[Country],"Not Found") -> Germany | S2: =_xlfn.XLOOKUP(tblEncounters6[[#This Row],[Hospital_ID]],Table1[Hospital_ID],Table1[FHIR_Enabled],"Not Found") -> Yes
A3: E0002 | B3: P0002 | C3: H002 | D3: 72 | E3: =IF(tblEncounters6[[#This Row],[Age]]<30,"18-29",IF(tblEncounters6[[#This Row],[Age]]<45,"30-44",IF(tblEncounters6[[#This Row],[Age]]<60,"45-59",IF(tblEncounters6[[#This Row],[Age]]<75,"60-74","75+")))) -> 60-74 | F3: Male | G3: Cardiology | H3: Planned | I3: 46109 | J3: =tblEncounters6[[#This Row],[Admission_Date]]+RANDBETWEEN(1,12) -> 46117 | K3: =tblEncounters6[[#This Row],[Discharge_Date]]-tblEncounters6[[#This Row],[Admission_Date]] -> 8 | L3: No | M3: Rehabilitation | N3: Yes | O3: No | P3: No | Q3: =_xlfn.XLOOKUP(tblEncounters6[[#This Row],[Hospital_ID]],Table1[Hospital_ID],Table1[Hospital_Name],"Not Found") -> Aurora Medical Centre | R3: =_xlfn.XLOOKUP(tblEncounters6[[#This Row],[Hospital_ID]],Table1[Hospital_ID],Table1[Country],"Not Found") -> Netherland | S3: =_xlfn.XLOOKUP(tblEncounters6[[#This Row],[Hospital_ID]],Table1[Hospital_ID],Table1[FHIR_Enabled],"Not Found") -> Yes
A4: E0003 | B4: P0003 | C4: H003 | D4: 89 | E4: =IF(tblEncounters6[[#This Row],[Age]]<30,"18-29",IF(tblEncounters6[[#This Row],[Age]]<45,"30-44",IF(tblEncounters6[[#This Row],[Age]]<60,"45-59",IF(tblEncounters6[[#This Row],[Age]]<75,"60-74","75+")))) -> 75+ | F4: Male | G4: Neurology | H4: Emergency | I4: 46035 | J4: =tblEncounters6[[#This Row],[Admission_Date]]+RANDBETWEEN(1,12) -> 46040 | K4: =tblEncounters6[[#This Row],[Discharge_Date]]-tblEncounters6[[#This Row],[Admission_Date]] -> 5 | L4: Yes | M4: Another Hospital | N4: Yes | O4: No | P4: No | Q4: =_xlfn.XLOOKUP(tblEncounters6[[#This Row],[Hospital_ID]],Table1[Hospital_ID],Table1[Hospital_Name],"Not Found") -> Helis General Hospital | R4: =_xlfn.XLOOKUP(tblEncounters6[[#This Row],[Hospital_ID]],Table1[Hospital_ID],Table1[Country],"Not Found") -> Austria | S4: =_xlfn.XLOOKUP(tblEncounters6[[#This Row],[Hospital_ID]],Table1[Hospital_ID],Table1[FHIR_Enabled],"Not Found") -> Partial
A5: E0004 | B5: P0004 | C5: H004 | D5: 49 | E5: =IF(tblEncounters6[[#This Row],[Age]]<30,"18-29",IF(tblEncounters6[[#This Row],[Age]]<45,"30-44",IF(tblEncounters6[[#This Row],[Age]]<60,"45-59",IF(tblEncounters6[[#This Row],[Age]]<75,"60-74","75+")))) -> 45-59 | F5: Female | G5: Orthopaedics | H5: Planned | I5: 46078 | J5: =tblEncounters6[[#This Row],[Admission_Date]]+RANDBETWEEN(1,12) -> 46082 | K5: =tblEncounters6[[#This Row],[Discharge_Date]]-tblEncounters6[[#This Row],[Admission_Date]] -> 4 | L5: No | M5: Nursing Facility | N5: Yes | O5: No | P5: No | Q5: =_xlfn.XLOOKUP(tblEncounters6[[#This Row],[Hospital_ID]],Table1[Hospital_ID],Table1[Hospital_Name],"Not Found") -> St. Clara Medical Centre | R5: =_xlfn.XLOOKUP(tblEncounters6[[#This Row],[Hospital_ID]],Table1[Hospital_ID],Table1[Country],"Not Found") -> France | S5: =_xlfn.XLOOKUP(tblEncounters6[[#This Row],[Hospital_ID]],Table1[Hospital_ID],Table1[FHIR_Enabled],"Not Found") -> Yes
A6: E0005 | B6: P0005 | C6: H005 | D6: 87 | E6: =IF(tblEncounters6[[#This Row],[Age]]<30,"18-29",IF(tblEncounters6[[#This Row],[Age]]<45,"30-44",IF(tblEncounters6[[#This Row],[Age]]<60,"45-59",IF(tblEncounters6[[#This Row],[Age]]<75,"60-74","75+")))) -> 75+ | F6: Male | G6: Psychiatry | H6: Emergency | I6: 46050 | J6: =tblEncounters6[[#This Row],[Admission_Date]]+RANDBETWEEN(1,12) -> 46058 | K6: =tblEncounters6[[#This Row],[Discharge_Date]]-tblEncounters6[[#This Row],[Admission_Date]] -> 8 | L6: No | M6: Against Medical Advice | N6: Yes | O6: No | P6: Yes | Q6: =_xlfn.XLOOKUP(tblEncounters6[[#This Row],[Hospital_ID]],Table1[Hospital_ID],Table1[Hospital_Name],"Not Found") -> Europa Health Institute | R6: =_xlfn.XLOOKUP(tblEncounters6[[#This Row],[Hospital_ID]],Table1[Hospital_ID],Table1[Country],"Not Found") -> Belgium | S6: =_xlfn.XLOOKUP(tblEncounters6[[#This Row],[Hospital_ID]],Table1[Hospital_ID],Table1[FHIR_Enabled],"Not Found") -> Yes
A7: E0006 | B7: P0006 | C7: H006 | D7: 37 | E7: =IF(tblEncounters6[[#This Row],[Age]]<30,"18-29",IF(tblEncounters6[[#This Row],[Age]]<45,"30-44",IF(tblEncounters6[[#This Row],[Age]]<60,"45-59",IF(tblEncounters6[[#This Row],[Age]]<75,"60-74","75+")))) -> 30-44 | F7: Female | G7: General Surgery | H7: Planned | I7: 46112 | J7: =tblEncounters6[[#This Row],[Admission_Date]]+RANDBETWEEN(1,12) -> 46117 | K7: =tblEncounters6[[#This Row],[Discharge_Date]]-tblEncounters6[[#This Row],[Admission_Date]] -> 5 | L7: No | M7: Home | N7: Yes | O7: No | P7: Yes | Q7: =_xlfn.XLOOKUP(tblEncounters6[[#This Row],[Hospital_ID]],Table1[Hospital_ID],Table1[Hospital_Name],"Not Found") -> Marbel General Hospital | R7: =_xlfn.XLOOKUP(tblEncounters6[[#This Row],[Hospital_ID]],Table1[Hospital_ID],Table1[Country],"Not Found") -> Sweden | S7: =_xlfn.XLOOKUP(tblEncounters6[[#This Row],[Hospital_ID]],Table1[Hospital_ID],Table1[FHIR_Enabled],"Not Found") -> Yes
A8: E0007 | B8: P0007 | C8: H007 | D8: 65 | E8: =IF(tblEncounters6[[#This Row],[Age]]<30,"18-29",IF(tblEncounters6[[#This Row],[Age]]<45,"30-44",IF(tblEncounters6[[#This Row],[Age]]<60,"45-59",IF(tblEncounters6[[#This Row],[Age]]<75,"60-74","75+")))) -> 60-74 | F8: Female | G8: General Medicine | H8: Emergency | I8: 46035 | J8: =tblEncounters6[[#This Row],[Admission_Date]]+RANDBETWEEN(1,12) -> 46041 | K8: =tblEncounters6[[#This Row],[Discharge_Date]]-tblEncounters6[[#This Row],[Admission_Date]] -> 6 | L8: No | M8: Rehabilitation | N8: Yes | O8: Yes | P8: No | Q8: =_xlfn.XLOOKUP(tblEncounters6[[#This Row],[Hospital_ID]],Table1[Hospital_ID],Table1[Hospital_Name],"Not Found") -> Helix Medical Centre | R8: =_xlfn.XLOOKUP(tblEncounters6[[#This Row],[Hospital_ID]],Table1[Hospital_ID],Table1[Country],"Not Found") -> Denmark | S8: =_xlfn.XLOOKUP(tblEncounters6[[#This Row],[Hospital_ID]],Table1[Hospital_ID],Table1[FHIR_Enabled],"Not Found") -> Partial
A9: E0008 | B9: P0008 | C9: H008 | D9: 44 | E9: =IF(tblEncounters6[[#This Row],[Age]]<30,"18-29",IF(tblEncounters6[[#This Row],[Age]]<45,"30-44",IF(tblEncounters6[[#This Row],[Age]]<60,"45-59",IF(tblEncounters6[[#This Row],[Age]]<75,"60-74","75+")))) -> 30-44 | F9: Male | G9: Cardiology | H9: Planned | I9: 46075 | J9: =tblEncounters6[[#This Row],[Admission_Date]]+RANDBETWEEN(1,12) -> 46077 | K9: =tblEncounters6[[#This Row],[Discharge_Date]]-tblEncounters6[[#This Row],[Admission_Date]] -> 2 | L9: No | M9: Another Hospital | N9: Yes | O9: No | P9: Yes | Q9: =_xlfn.XLOOKUP(tblEncounters6[[#This Row],[Hospital_ID]],Table1[Hospital_ID],Table1[Hospital_Name],"Not Found") -> St.Aldric University Hospital | R9: =_xlfn.XLOOKUP(tblEncounters6[[#This Row],[Hospital_ID]],Table1[Hospital_ID],Table1[Country],"Not Found") -> Finland | S9: =_xlfn.XLOOKUP(tblEncounters6[[#This Row],[Hospital_ID]],Table1[Hospital_ID],Table1[FHIR_Enabled],"Not Found") -> Yes
A10: E0009 | B10: P0009 | C10: H009 | D10: 37 | E10: =IF(tblEncounters6[[#This Row],[Age]]<30,"18-29",IF(tblEncounters6[[#This Row],[Age]]<45,"30-44",IF(tblEncounters6[[#This Row],[Age]]<60,"45-59",IF(tblEncounters6[[#This Row],[Age]]<75,"60-74","75+")))) -> 30-44 | F10: Female | G10: Neurology | H10: Emergency | I10: 46057 | J10: =tblEncounters6[[#This Row],[Admission_Date]]+RANDBETWEEN(1,12) -> 46067 | K10: =tblEncounters6[[#This Row],[Discharge_Date]]-tblEncounters6[[#This Row],[Admission_Date]] -> 10 | L10: Yes | M10: Nursing Facility | N10: Yes | O10: No | P10: No | Q10: =_xlfn.XLOOKUP(tblEncounters6[[#This Row],[Hospital_ID]],Table1[Hospital_ID],Table1[Hospital_Name],"Not Found") -> Clinica Santa Marisol | R10: =_xlfn.XLOOKUP(tblEncounters6[[#This Row],[Hospital_ID]],Table1[Hospital_ID],Table1[Country],"Not Found") -> Spain | S10: =_xlfn.XLOOKUP(tblEncounters6[[#This Row],[Hospital_ID]],Table1[Hospital_ID],Table1[FHIR_Enabled],"Not Found") -> Partial
A11: E0010 | B11: P0010 | C11: H010 | D11: 39 | E11: =IF(tblEncounters6[[#This Row],[Age]]<30,"18-29",IF(tblEncounters6[[#This Row],[Age]]<45,"30-44",IF(tblEncounters6[[#This Row],[Age]]<60,"45-59",IF(tblEncounters6[[#This Row],[Age]]<75,"60-74","75+")))) -> 30-44 | F11: Male | G11: Orthopaedics | H11: Emergency | I11: 46105 | J11: =tblEncounters6[[#This Row],[Admission_Date]]+RANDBETWEEN(1,12) -> 46107 | K11: =tblEncounters6[[#This Row],[Discharge_Date]]-tblEncounters6[[#This Row],[Admission_Date]] -> 2 | L11: No | M11: Against Medical Advice | N11: No | O11: No | P11: No | Q11: =_xlfn.XLOOKUP(tblEncounters6[[#This Row],[Hospital_ID]],Table1[Hospital_ID],Table1[Hospital_Name],"Not Found") -> Nordhavan Regional Medical Centre | R11: =_xlfn.XLOOKUP(tblEncounters6[[#This Row],[Hospital_ID]],Table1[Hospital_ID],Table1[Country],"Not Found") -> Italy | S11: =_xlfn.XLOOKUP(tblEncounters6[[#This Row],[Hospital_ID]],Table1[Hospital_ID],Table1[FHIR_Enabled],"Not Found") -> No
A12: E0011 | B12: P0011 | C12: H001 | D12: 38 | E12: =IF(tblEncounters6[[#This Row],[Age]]<30,"18-29",IF(tblEncounters6[[#This Row],[Age]]<45,"30-44",IF(tblEncounters6[[#This Row],[Age]]<60,"45-59",IF(tblEncounters6[[#This Row],[Age]]<75,"60-74","75+")))) -> 30-44 | F12: Female | G12: Psychiatry | H12: Emergency | I12: 46103 | J12: =tblEncounters6[[#This Row],[Admission_Date]]+RANDBETWEEN(1,12) -> 46107 | K12: =tblEncounters6[[#This Row],[Discharge_Date]]-tblEncounters6[[#This Row],[Admission_Date]] -> 4 | L12: No | M12: Home | N12: Yes | O12: No | P12: Yes | Q12: =_xlfn.XLOOKUP(tblEncounters6[[#This Row],[Hospital_ID]],Table1[Hospital_ID],Table1[Hospital_Name],"Not Found") -> Nova Medical Centre | R12: =_xlfn.XLOOKUP(tblEncounters6[[#This Row],[Hospital_ID]],Table1[Hospital_ID],Table1[Country],"Not Found") -> Germany | S12: =_xlfn.XLOOKUP(tblEncounters6[[#This Row],[Hospital_ID]],Table1[Hospital_ID],Table1[FHIR_Enabled],"Not Found") -> Yes
A13: E0012 | B13: P0012 | C13: H002 | D13: 79 | E13: =IF(tblEncounters6[[#This Row],[Age]]<30,"18-29",IF(tblEncounters6[[#This Row],[Age]]<45,"30-44",IF(tblEncounters6[[#This Row],[Age]]<60,"45-59",IF(tblEncounters6[[#This Row],[Age]]<75,"60-74","75+")))) -> 75+ | F13: Female | G13: General Surgery | H13: Emergency | I13: 46107 | J13: =tblEncounters6[[#This Row],[Admission_Date]]+RANDBETWEEN(1,12) -> 46118 | K13: =tblEncounters6[[#This Row],[Discharge_Date]]-tblEncounters6[[#This Row],[Admission_Date]] -> 11 | L13: No | M13: Rehabilitation | N13: Yes | O13: No | P13: No | Q13: =_xlfn.XLOOKUP(tblEncounters6[[#This Row],[Hospital_ID]],Table1[Hospital_ID],Table1[Hospital_Name],"Not Found") -> Aurora Medical Centre | R13: =_xlfn.XLOOKUP(tblEncounters6[[#This Row],[Hospital_ID]],Table1[Hospital_ID],Table1[Country],"Not Found") -> Netherland | S13: =_xlfn.XLOOKUP(tblEncounters6[[#This Row],[Hospital_ID]],Table1[Hospital_ID],Table1[FHIR_Enabled],"Not Found") -> Yes
... A51: E0050 | B51: P0050 | C51: H010 | D51: 39 | E51: =IF(tblEncounters6[[#This Row],[Age]]<30,"18-29",IF(tblEncounters6[[#This Row],[Age]]<45,"30-44",IF(tblEncounters6[[#This Row],[Age]]<60,"45-59",IF(tblEncounters6[[#This Row],[Age]]<75,"60-74","75+")))) -> 30-44 | F51: Female | G51: Cardiology | H51: Emergency | I51: 46035 | J51: =tblEncounters6[[#This Row],[Admission_Date]]+RANDBETWEEN(1,12) -> 46044 | K51: =tblEncounters6[[#This Row],[Discharge_Date]]-tblEncounters6[[#This Row],[Admission_Date]] -> 9 | L51: No | M51: Against Medical Advice | N51: Yes | O51: No | P51: Yes | Q51: =_xlfn.XLOOKUP(tblEncounters6[[#This Row],[Hospital_ID]],Table1[Hospital_ID],Table1[Hospital_Name],"Not Found") -> Nordhavan Regional Medical Centre | R51: =_xlfn.XLOOKUP(tblEncounters6[[#This Row],[Hospital_ID]],Table1[Hospital_ID],Table1[Country],"Not Found") -> Italy | S51: =_xlfn.XLOOKUP(tblEncounters6[[#This Row],[Hospital_ID]],Table1[Hospital_ID],Table1[FHIR_Enabled],"Not Found") -> No

Sheet 03_ENCOUNTERS_CLEAN
A1: Encounter_ID | B1: Patient_ID | C1: Hospital_ID | D1: Age | E1: Age_Group | F1: Sex | G1: Department | H1: Admission_Type | I1: Admission_Date | J1: Discharge_Date | K1: LOS_Days | L1: Readmission_30D | M1: Discharge_Destination | N1: Documentation_Complete | O1: Duplicate_Test | P1: Referral_Required | Q1: Hospital_Name | R1: Country | S1: FHIR_Status | T1: DQ_Flag | U1: Duplicate_Encounter_Flag | V1: Department 1 | W1: Sex_Clean | X1: Admission_Type_Clean | Y1: Date_Check | Z1: Calculated_LOS | AA1: LOS_Check | AB1: Hospital_ID_Check | AC1: DQ_Issue_Type
A2: E0001 | B2: P0001 | C2: H001 | D2: 34 | E2: =IF(tblEncounters5[[#This Row],[Age]]<30,"18-29",IF(tblEncounters5[[#This Row],[Age]]<45,"30-44",IF(tblEncounters5[[#This Row],[Age]]<60,"45-59",IF(tblEncounters5[[#This Row],[Age]]<75,"60-74","75+")))) -> 30-44 | F2: Female | G2: General Medicine | H2: Emergency | I2: 46074 | J2: =tblEncounters5[[#This Row],[Admission_Date]]+RANDBETWEEN(1,12) -> 46081 | K2: =tblEncounters5[[#This Row],[Discharge_Date]]-tblEncounters5[[#This Row],[Admission_Date]] -> 7 | L2: Yes | M2: Home | N2: Yes | O2: Yes | P2: Yes | Q2: =_xlfn.XLOOKUP(tblEncounters5[[#This Row],[Hospital_ID]],Table1[Hospital_ID],Table1[Hospital_Name],"Not Found") -> Nova Medical Centre | R2: =_xlfn.XLOOKUP(tblEncounters5[[#This Row],[Hospital_ID]],Table1[Hospital_ID],Table1[Country],"Not Found") -> Germany | S2: =_xlfn.XLOOKUP(tblEncounters5[[#This Row],[Hospital_ID]],Table1[Hospital_ID],Table1[FHIR_Enabled],"Not Found") -> Yes | T2: =IF(OR(tblEncounters5[[#This Row],[Age]]="",tblEncounters5[[#This Row],[Age]]<18,tblEncounters5[[#This Row],[Age]]>100,tblEncounters5[[#This Row],[Department]]="",tblEncounters5[[#This Row],[Documentation_Complete]]="",tblEncounters5[[#This Row],[LOS_Days]]<0),"Review","OK") -> OK | U2: =IF(COUNTIF(tblEncounters5[[#All],[Encounter_ID]],tblEncounters5[[#This Row],[Encounter_ID]])>1,"Duplicate","Unique") -> Unique | V2: =PROPER(TRIM(tblEncounters5[[#This Row],[Department]])) -> General Medicine | W2: =IF(LOWER(TRIM(tblEncounters5[[#This Row],[Sex]]))="male","Male",IF(LOWER(TRIM(tblEncounters5[[#This Row],[Sex]]))="female","Female","Review")) -> Female | X2: =IF(OR(LOWER(TRIM(tblEncounters5[[#This Row],[Admission_Type]]))="emergency",LOWER(TRIM(tblEncounters5[[#This Row],[Admission_Type]]))="emerg"),"Emergency",IF(LOWER(TRIM(tblEncounters5[[#This Row],[Admission_Type]]))="planned","Planned","Review")) -> Emergency | Y2: =IF(tblEncounters5[[#This Row],[Discharge_Date]]="","Missing Discharge",IF(tblEncounters5[[#This Row],[Discharge_Date]]<tblEncounters5[[#This Row],[Admission_Date]],"Invalid Date","OK")) -> OK | Z2: =IF(OR(tblEncounters5[[#This Row],[Admission_Date]]="",tblEncounters5[[#This Row],[Discharge_Date]]=""),"",tblEncounters5[[#This Row],[Discharge_Date]]-tblEncounters5[[#This Row],[Admission_Date]]) -> 7 | AA2: =IF(tblEncounters5[[#This Row],[Calculated_LOS]]="","Missing",IF(tblEncounters5[[#This Row],[Calculated_LOS]]=tblEncounters5[[#This Row],[LOS_Days]],"Match","Mismatch")) -> Match | AB2: =IF(COUNTIF(tblEncounters[Hospital_ID],tblEncounters5[[#This Row],[Hospital_ID]])=1,"Valid","Invalid") -> Invalid | AC2: =IF(tblEncounters5[[#This Row],[Age]]="","Missing Age",IF(OR(tblEncounters5[[#This Row],[Age]]<18,tblEncounters5[[#This Row],[Age]]>100),"Invalid Age",IF(tblEncounters5[[#This Row],[Department]]="","Missing Department",IF(tblEncounters5[[#This Row],[Documentation_Complete]]="","Missing Documentation",IF(tblEncounters5[[#This Row],[LOS_Days]]<0,"Invalid LOS",IF(tblEncounters5[[#This Row],[Duplicate_Encounter_Flag]]="Duplicate","Duplicate Encounter","No Issue")))))) -> No Issue
A3: E0002 | B3: P0002 | C3: H002 | D3: 72 | E3: =IF(tblEncounters5[[#This Row],[Age]]<30,"18-29",IF(tblEncounters5[[#This Row],[Age]]<45,"30-44",IF(tblEncounters5[[#This Row],[Age]]<60,"45-59",IF(tblEncounters5[[#This Row],[Age]]<75,"60-74","75+")))) -> 60-74 | F3: Male | H3: Planned | I3: 46109 | J3: =tblEncounters5[[#This Row],[Admission_Date]]+RANDBETWEEN(1,12) -> 46117 | K3: =tblEncounters5[[#This Row],[Discharge_Date]]-tblEncounters5[[#This Row],[Admission_Date]] -> 8 | L3: No | M3: Rehabilitation | N3: Yes | O3: No | P3: No | Q3: =_xlfn.XLOOKUP(tblEncounters5[[#This Row],[Hospital_ID]],Table1[Hospital_ID],Table1[Hospital_Name],"Not Found") -> Aurora Medical Centre | R3: =_xlfn.XLOOKUP(tblEncounters5[[#This Row],[Hospital_ID]],Table1[Hospital_ID],Table1[Country],"Not Found") -> Netherland | S3: =_xlfn.XLOOKUP(tblEncounters5[[#This Row],[Hospital_ID]],Table1[Hospital_ID],Table1[FHIR_Enabled],"Not Found") -> Yes | T3: =IF(OR(tblEncounters5[[#This Row],[Age]]="",tblEncounters5[[#This Row],[Age]]<18,tblEncounters5[[#This Row],[Age]]>100,tblEncounters5[[#This Row],[Department]]="",tblEncounters5[[#This Row],[Documentation_Complete]]="",tblEncounters5[[#This Row],[LOS_Days]]<0),"Review","OK") -> Review | U3: =IF(COUNTIF(tblEncounters5[[#All],[Encounter_ID]],tblEncounters5[[#This Row],[Encounter_ID]])>1,"Duplicate","Unique") -> Unique | V3: =PROPER(TRIM(tblEncounters5[[#This Row],[Department]])) | W3: =IF(LOWER(TRIM(tblEncounters5[[#This Row],[Sex]]))="male","Male",IF(LOWER(TRIM(tblEncounters5[[#This Row],[Sex]]))="female","Female","Review")) -> Male | X3: =IF(OR(LOWER(TRIM(tblEncounters5[[#This Row],[Admission_Type]]))="emergency",LOWER(TRIM(tblEncounters5[[#This Row],[Admission_Type]]))="emerg"),"Emergency",IF(LOWER(TRIM(tblEncounters5[[#This Row],[Admission_Type]]))="planned","Planned","Review")) -> Planned | Y3: =IF(tblEncounters5[[#This Row],[Discharge_Date]]="","Missing Discharge",IF(tblEncounters5[[#This Row],[Discharge_Date]]<tblEncounters5[[#This Row],[Admission_Date]],"Invalid Date","OK")) -> OK | Z3: =IF(OR(tblEncounters5[[#This Row],[Admission_Date]]="",tblEncounters5[[#This Row],[Discharge_Date]]=""),"",tblEncounters5[[#This Row],[Discharge_Date]]-tblEncounters5[[#This Row],[Admission_Date]]) -> 8 | AA3: =IF(tblEncounters5[[#This Row],[Calculated_LOS]]="","Missing",IF(tblEncounters5[[#This Row],[Calculated_LOS]]=tblEncounters5[[#This Row],[LOS_Days]],"Match","Mismatch")) -> Match | AB3: =IF(COUNTIF(tblEncounters[Hospital_ID],tblEncounters5[[#This Row],[Hospital_ID]])=1,"Valid","Invalid") -> Invalid | AC3: =IF(tblEncounters5[[#This Row],[Age]]="","Missing Age",IF(OR(tblEncounters5[[#This Row],[Age]]<18,tblEncounters5[[#This Row],[Age]]>100),"Invalid Age",IF(tblEncounters5[[#This Row],[Department]]="","Missing Department",IF(tblEncounters5[[#This Row],[Documentation_Complete]]="","Missing Documentation",IF(tblEncounters5[[#This Row],[LOS_Days]]<0,"Invalid LOS",IF(tblEncounters5[[#This Row],[Duplicate_Encounter_Flag]]="Duplicate","Duplicate Encounter","No Issue")))))) -> Missing Department
A4: E0003 | B4: P0003 | C4: H003 | D4: 89 | E4: =IF(tblEncounters5[[#This Row],[Age]]<30,"18-29",IF(tblEncounters5[[#This Row],[Age]]<45,"30-44",IF(tblEncounters5[[#This Row],[Age]]<60,"45-59",IF(tblEncounters5[[#This Row],[Age]]<75,"60-74","75+")))) -> 75+ | F4: Male | G4: NeUrology | H4: Emergency | I4: 46035 | J4: =tblEncounters5[[#This Row],[Admission_Date]]+RANDBETWEEN(1,12) -> 46036 | K4: =tblEncounters5[[#This Row],[Discharge_Date]]-tblEncounters5[[#This Row],[Admission_Date]] -> 1 | L4: Yes | M4: Another Hospital | N4: Yes | O4: No | P4: No | Q4: =_xlfn.XLOOKUP(tblEncounters5[[#This Row],[Hospital_ID]],Table1[Hospital_ID],Table1[Hospital_Name],"Not Found") -> Helis General Hospital | R4: =_xlfn.XLOOKUP(tblEncounters5[[#This Row],[Hospital_ID]],Table1[Hospital_ID],Table1[Country],"Not Found") -> Austria | S4: =_xlfn.XLOOKUP(tblEncounters5[[#This Row],[Hospital_ID]],Table1[Hospital_ID],Table1[FHIR_Enabled],"Not Found") -> Partial | T4: =IF(OR(tblEncounters5[[#This Row],[Age]]="",tblEncounters5[[#This Row],[Age]]<18,tblEncounters5[[#This Row],[Age]]>100,tblEncounters5[[#This Row],[Department]]="",tblEncounters5[[#This Row],[Documentation_Complete]]="",tblEncounters5[[#This Row],[LOS_Days]]<0),"Review","OK") -> OK | U4: =IF(COUNTIF(tblEncounters5[[#All],[Encounter_ID]],tblEncounters5[[#This Row],[Encounter_ID]])>1,"Duplicate","Unique") -> Unique | V4: =PROPER(TRIM(tblEncounters5[[#This Row],[Department]])) -> Neurology | W4: =IF(LOWER(TRIM(tblEncounters5[[#This Row],[Sex]]))="male","Male",IF(LOWER(TRIM(tblEncounters5[[#This Row],[Sex]]))="female","Female","Review")) -> Male | X4: =IF(OR(LOWER(TRIM(tblEncounters5[[#This Row],[Admission_Type]]))="emergency",LOWER(TRIM(tblEncounters5[[#This Row],[Admission_Type]]))="emerg"),"Emergency",IF(LOWER(TRIM(tblEncounters5[[#This Row],[Admission_Type]]))="planned","Planned","Review")) -> Emergency | Y4: =IF(tblEncounters5[[#This Row],[Discharge_Date]]="","Missing Discharge",IF(tblEncounters5[[#This Row],[Discharge_Date]]<tblEncounters5[[#This Row],[Admission_Date]],"Invalid Date","OK")) -> OK | Z4: =IF(OR(tblEncounters5[[#This Row],[Admission_Date]]="",tblEncounters5[[#This Row],[Discharge_Date]]=""),"",tblEncounters5[[#This Row],[Discharge_Date]]-tblEncounters5[[#This Row],[Admission_Date]]) -> 1 | AA4: =IF(tblEncounters5[[#This Row],[Calculated_LOS]]="","Missing",IF(tblEncounters5[[#This Row],[Calculated_LOS]]=tblEncounters5[[#This Row],[LOS_Days]],"Match","Mismatch")) -> Match | AB4: =IF(COUNTIF(tblEncounters[Hospital_ID],tblEncounters5[[#This Row],[Hospital_ID]])=1,"Valid","Invalid") -> Invalid | AC4: =IF(tblEncounters5[[#This Row],[Age]]="","Missing Age",IF(OR(tblEncounters5[[#This Row],[Age]]<18,tblEncounters5[[#This Row],[Age]]>100),"Invalid Age",IF(tblEncounters5[[#This Row],[Department]]="","Missing Department",IF(tblEncounters5[[#This Row],[Documentation_Complete]]="","Missing Documentation",IF(tblEncounters5[[#This Row],[LOS_Days]]<0,"Invalid LOS",IF(tblEncounters5[[#This Row],[Duplicate_Encounter_Flag]]="Duplicate","Duplicate Encounter","No Issue")))))) -> No Issue
A5: E0004 | B5: P0004 | C5: H004 | D5: 49 | E5: =IF(tblEncounters5[[#This Row],[Age]]<30,"18-29",IF(tblEncounters5[[#This Row],[Age]]<45,"30-44",IF(tblEncounters5[[#This Row],[Age]]<60,"45-59",IF(tblEncounters5[[#This Row],[Age]]<75,"60-74","75+")))) -> 45-59 | F5: Female | G5: Orthopaedics | H5: Planned | I5: 46078 | J5: =tblEncounters5[[#This Row],[Admission_Date]]+RANDBETWEEN(1,12) -> 46089 | K5: =tblEncounters5[[#This Row],[Discharge_Date]]-tblEncounters5[[#This Row],[Admission_Date]] -> 11 | L5: No | M5: Nursing Facility | N5: Yes | O5: No | P5: No | Q5: =_xlfn.XLOOKUP(tblEncounters5[[#This Row],[Hospital_ID]],Table1[Hospital_ID],Table1[Hospital_Name],"Not Found") -> St. Clara Medical Centre | R5: =_xlfn.XLOOKUP(tblEncounters5[[#This Row],[Hospital_ID]],Table1[Hospital_ID],Table1[Country],"Not Found") -> France | S5: =_xlfn.XLOOKUP(tblEncounters5[[#This Row],[Hospital_ID]],Table1[Hospital_ID],Table1[FHIR_Enabled],"Not Found") -> Yes | T5: =IF(OR(tblEncounters5[[#This Row],[Age]]="",tblEncounters5[[#This Row],[Age]]<18,tblEncounters5[[#This Row],[Age]]>100,tblEncounters5[[#This Row],[Department]]="",tblEncounters5[[#This Row],[Documentation_Complete]]="",tblEncounters5[[#This Row],[LOS_Days]]<0),"Review","OK") -> OK | U5: =IF(COUNTIF(tblEncounters5[[#All],[Encounter_ID]],tblEncounters5[[#This Row],[Encounter_ID]])>1,"Duplicate","Unique") -> Unique | V5: =PROPER(TRIM(tblEncounters5[[#This Row],[Department]])) -> Orthopaedics | W5: =IF(LOWER(TRIM(tblEncounters5[[#This Row],[Sex]]))="male","Male",IF(LOWER(TRIM(tblEncounters5[[#This Row],[Sex]]))="female","Female","Review")) -> Female | X5: =IF(OR(LOWER(TRIM(tblEncounters5[[#This Row],[Admission_Type]]))="emergency",LOWER(TRIM(tblEncounters5[[#This Row],[Admission_Type]]))="emerg"),"Emergency",IF(LOWER(TRIM(tblEncounters5[[#This Row],[Admission_Type]]))="planned","Planned","Review")) -> Planned | Y5: =IF(tblEncounters5[[#This Row],[Discharge_Date]]="","Missing Discharge",IF(tblEncounters5[[#This Row],[Discharge_Date]]<tblEncounters5[[#This Row],[Admission_Date]],"Invalid Date","OK")) -> OK | Z5: =IF(OR(tblEncounters5[[#This Row],[Admission_Date]]="",tblEncounters5[[#This Row],[Discharge_Date]]=""),"",tblEncounters5[[#This Row],[Discharge_Date]]-tblEncounters5[[#This Row],[Admission_Date]]) -> 11 | AA5: =IF(tblEncounters5[[#This Row],[Calculated_LOS]]="","Missing",IF(tblEncounters5[[#This Row],[Calculated_LOS]]=tblEncounters5[[#This Row],[LOS_Days]],"Match","Mismatch")) -> Match | AB5: =IF(COUNTIF(tblEncounters[Hospital_ID],tblEncounters5[[#This Row],[Hospital_ID]])=1,"Valid","Invalid") -> Invalid | AC5: =IF(tblEncounters5[[#This Row],[Age]]="","Missing Age",IF(OR(tblEncounters5[[#This Row],[Age]]<18,tblEncounters5[[#This Row],[Age]]>100),"Invalid Age",IF(tblEncounters5[[#This Row],[Department]]="","Missing Department",IF(tblEncounters5[[#This Row],[Documentation_Complete]]="","Missing Documentation",IF(tblEncounters5[[#This Row],[LOS_Days]]<0,"Invalid LOS",IF(tblEncounters5[[#This Row],[Duplicate_Encounter_Flag]]="Duplicate","Duplicate Encounter","No Issue")))))) -> No Issue
A6: E0005 | B6: P0005 | C6: H005 | E6: =IF(tblEncounters5[[#This Row],[Age]]<30,"18-29",IF(tblEncounters5[[#This Row],[Age]]<45,"30-44",IF(tblEncounters5[[#This Row],[Age]]<60,"45-59",IF(tblEncounters5[[#This Row],[Age]]<75,"60-74","75+")))) -> 18-29 | F6: MALE | G6: Psychiatry | H6: Emergency | I6: 46050 | J6: =tblEncounters5[[#This Row],[Admission_Date]]+RANDBETWEEN(1,12) -> 46053 | K6: =tblEncounters5[[#This Row],[Discharge_Date]]-tblEncounters5[[#This Row],[Admission_Date]] -> 3 | L6: No | M6: Against Medical Advice | N6: Yes | O6: No | P6: Yes | Q6: =_xlfn.XLOOKUP(tblEncounters5[[#This Row],[Hospital_ID]],Table1[Hospital_ID],Table1[Hospital_Name],"Not Found") -> Europa Health Institute | R6: =_xlfn.XLOOKUP(tblEncounters5[[#This Row],[Hospital_ID]],Table1[Hospital_ID],Table1[Country],"Not Found") -> Belgium | S6: =_xlfn.XLOOKUP(tblEncounters5[[#This Row],[Hospital_ID]],Table1[Hospital_ID],Table1[FHIR_Enabled],"Not Found") -> Yes | T6: =IF(OR(tblEncounters5[[#This Row],[Age]]="",tblEncounters5[[#This Row],[Age]]<18,tblEncounters5[[#This Row],[Age]]>100,tblEncounters5[[#This Row],[Department]]="",tblEncounters5[[#This Row],[Documentation_Complete]]="",tblEncounters5[[#This Row],[LOS_Days]]<0),"Review","OK") -> Review | U6: =IF(COUNTIF(tblEncounters5[[#All],[Encounter_ID]],tblEncounters5[[#This Row],[Encounter_ID]])>1,"Duplicate","Unique") -> Unique | V6: =PROPER(TRIM(tblEncounters5[[#This Row],[Department]])) -> Psychiatry | W6: =IF(LOWER(TRIM(tblEncounters5[[#This Row],[Sex]]))="male","Male",IF(LOWER(TRIM(tblEncounters5[[#This Row],[Sex]]))="female","Female","Review")) -> Male | X6: =IF(OR(LOWER(TRIM(tblEncounters5[[#This Row],[Admission_Type]]))="emergency",LOWER(TRIM(tblEncounters5[[#This Row],[Admission_Type]]))="emerg"),"Emergency",IF(LOWER(TRIM(tblEncounters5[[#This Row],[Admission_Type]]))="planned","Planned","Review")) -> Emergency | Y6: =IF(tblEncounters5[[#This Row],[Discharge_Date]]="","Missing Discharge",IF(tblEncounters5[[#This Row],[Discharge_Date]]<tblEncounters5[[#This Row],[Admission_Date]],"Invalid Date","OK")) -> OK | Z6: =IF(OR(tblEncounters5[[#This Row],[Admission_Date]]="",tblEncounters5[[#This Row],[Discharge_Date]]=""),"",tblEncounters5[[#This Row],[Discharge_Date]]-tblEncounters5[[#This Row],[Admission_Date]]) -> 3 | AA6: =IF(tblEncounters5[[#This Row],[Calculated_LOS]]="","Missing",IF(tblEncounters5[[#This Row],[Calculated_LOS]]=tblEncounters5[[#This Row],[LOS_Days]],"Match","Mismatch")) -> Match | AB6: =IF(COUNTIF(tblEncounters[Hospital_ID],tblEncounters5[[#This Row],[Hospital_ID]])=1,"Valid","Invalid") -> Invalid | AC6: =IF(tblEncounters5[[#This Row],[Age]]="","Missing Age",IF(OR(tblEncounters5[[#This Row],[Age]]<18,tblEncounters5[[#This Row],[Age]]>100),"Invalid Age",IF(tblEncounters5[[#This Row],[Department]]="","Missing Department",IF(tblEncounters5[[#This Row],[Documentation_Complete]]="","Missing Documentation",IF(tblEncounters5[[#This Row],[LOS_Days]]<0,"Invalid LOS",IF(tblEncounters5[[#This Row],[Duplicate_Encounter_Flag]]="Duplicate","Duplicate Encounter","No Issue")))))) -> Missing Age
A7: E0006 | B7: P0006 | C7: H006 | D7: 37 | E7: =IF(tblEncounters5[[#This Row],[Age]]<30,"18-29",IF(tblEncounters5[[#This Row],[Age]]<45,"30-44",IF(tblEncounters5[[#This Row],[Age]]<60,"45-59",IF(tblEncounters5[[#This Row],[Age]]<75,"60-74","75+")))) -> 30-44 | F7: Female | G7: General Surgery | H7: Planned | I7: 46112 | J7: =tblEncounters5[[#This Row],[Admission_Date]]+RANDBETWEEN(1,12) -> 46120 | K7: =tblEncounters5[[#This Row],[Discharge_Date]]-tblEncounters5[[#This Row],[Admission_Date]] -> 8 | L7: No | M7: Home | N7: Yes | O7: No | P7: Yes | Q7: =_xlfn.XLOOKUP(tblEncounters5[[#This Row],[Hospital_ID]],Table1[Hospital_ID],Table1[Hospital_Name],"Not Found") -> Marbel General Hospital | R7: =_xlfn.XLOOKUP(tblEncounters5[[#This Row],[Hospital_ID]],Table1[Hospital_ID],Table1[Country],"Not Found") -> Sweden | S7: =_xlfn.XLOOKUP(tblEncounters5[[#This Row],[Hospital_ID]],Table1[Hospital_ID],Table1[FHIR_Enabled],"Not Found") -> Yes | T7: =IF(OR(tblEncounters5[[#This Row],[Age]]="",tblEncounters5[[#This Row],[Age]]<18,tblEncounters5[[#This Row],[Age]]>100,tblEncounters5[[#This Row],[Department]]="",tblEncounters5[[#This Row],[Documentation_Complete]]="",tblEncounters5[[#This Row],[LOS_Days]]<0),"Review","OK") -> OK | U7: =IF(COUNTIF(tblEncounters5[[#All],[Encounter_ID]],tblEncounters5[[#This Row],[Encounter_ID]])>1,"Duplicate","Unique") -> Unique | V7: =PROPER(TRIM(tblEncounters5[[#This Row],[Department]])) -> General Surgery | W7: =IF(LOWER(TRIM(tblEncounters5[[#This Row],[Sex]]))="male","Male",IF(LOWER(TRIM(tblEncounters5[[#This Row],[Sex]]))="female","Female","Review")) -> Female | X7: =IF(OR(LOWER(TRIM(tblEncounters5[[#This Row],[Admission_Type]]))="emergency",LOWER(TRIM(tblEncounters5[[#This Row],[Admission_Type]]))="emerg"),"Emergency",IF(LOWER(TRIM(tblEncounters5[[#This Row],[Admission_Type]]))="planned","Planned","Review")) -> Planned | Y7: =IF(tblEncounters5[[#This Row],[Discharge_Date]]="","Missing Discharge",IF(tblEncounters5[[#This Row],[Discharge_Date]]<tblEncounters5[[#This Row],[Admission_Date]],"Invalid Date","OK")) -> OK | Z7: =IF(OR(tblEncounters5[[#This Row],[Admission_Date]]="",tblEncounters5[[#This Row],[Discharge_Date]]=""),"",tblEncounters5[[#This Row],[Discharge_Date]]-tblEncounters5[[#This Row],[Admission_Date]]) -> 8 | AA7: =IF(tblEncounters5[[#This Row],[Calculated_LOS]]="","Missing",IF(tblEncounters5[[#This Row],[Calculated_LOS]]=tblEncounters5[[#This Row],[LOS_Days]],"Match","Mismatch")) -> Match | AB7: =IF(COUNTIF(tblEncounters[Hospital_ID],tblEncounters5[[#This Row],[Hospital_ID]])=1,"Valid","Invalid") -> Invalid | AC7: =IF(tblEncounters5[[#This Row],[Age]]="","Missing Age",IF(OR(tblEncounters5[[#This Row],[Age]]<18,tblEncounters5[[#This Row],[Age]]>100),"Invalid Age",IF(tblEncounters5[[#This Row],[Department]]="","Missing Department",IF(tblEncounters5[[#This Row],[Documentation_Complete]]="","Missing Documentation",IF(tblEncounters5[[#This Row],[LOS_Days]]<0,"Invalid LOS",IF(tblEncounters5[[#This Row],[Duplicate_Encounter_Flag]]="Duplicate","Duplicate Encounter","No Issue")))))) -> No Issue
A8: E0007 | B8: P0007 | C8: H007 | D8: 65 | E8: =IF(tblEncounters5[[#This Row],[Age]]<30,"18-29",IF(tblEncounters5[[#This Row],[Age]]<45,"30-44",IF(tblEncounters5[[#This Row],[Age]]<60,"45-59",IF(tblEncounters5[[#This Row],[Age]]<75,"60-74","75+")))) -> 60-74 | F8: Female | G8: Gen Medicine | H8: Emergency | I8: 46035 | J8: =tblEncounters5[[#This Row],[Admission_Date]]+RANDBETWEEN(1,12) -> 46043 | K8: =tblEncounters5[[#This Row],[Discharge_Date]]-tblEncounters5[[#This Row],[Admission_Date]] -> 8 | L8: No | M8: Rehabilitation | O8: Yes | P8: No | Q8: =_xlfn.XLOOKUP(tblEncounters5[[#This Row],[Hospital_ID]],Table1[Hospital_ID],Table1[Hospital_Name],"Not Found") -> Helix Medical Centre | R8: =_xlfn.XLOOKUP(tblEncounters5[[#This Row],[Hospital_ID]],Table1[Hospital_ID],Table1[Country],"Not Found") -> Denmark | S8: =_xlfn.XLOOKUP(tblEncounters5[[#This Row],[Hospital_ID]],Table1[Hospital_ID],Table1[FHIR_Enabled],"Not Found") -> Partial | T8: =IF(OR(tblEncounters5[[#This Row],[Age]]="",tblEncounters5[[#This Row],[Age]]<18,tblEncounters5[[#This Row],[Age]]>100,tblEncounters5[[#This Row],[Department]]="",tblEncounters5[[#This Row],[Documentation_Complete]]="",tblEncounters5[[#This Row],[LOS_Days]]<0),"Review","OK") -> Review | U8: =IF(COUNTIF(tblEncounters5[[#All],[Encounter_ID]],tblEncounters5[[#This Row],[Encounter_ID]])>1,"Duplicate","Unique") -> Unique | V8: =PROPER(TRIM(tblEncounters5[[#This Row],[Department]])) -> Gen Medicine | W8: =IF(LOWER(TRIM(tblEncounters5[[#This Row],[Sex]]))="male","Male",IF(LOWER(TRIM(tblEncounters5[[#This Row],[Sex]]))="female","Female","Review")) -> Female | X8: =IF(OR(LOWER(TRIM(tblEncounters5[[#This Row],[Admission_Type]]))="emergency",LOWER(TRIM(tblEncounters5[[#This Row],[Admission_Type]]))="emerg"),"Emergency",IF(LOWER(TRIM(tblEncounters5[[#This Row],[Admission_Type]]))="planned","Planned","Review")) -> Emergency | Y8: =IF(tblEncounters5[[#This Row],[Discharge_Date]]="","Missing Discharge",IF(tblEncounters5[[#This Row],[Discharge_Date]]<tblEncounters5[[#This Row],[Admission_Date]],"Invalid Date","OK")) -> OK | Z8: =IF(OR(tblEncounters5[[#This Row],[Admission_Date]]="",tblEncounters5[[#This Row],[Discharge_Date]]=""),"",tblEncounters5[[#This Row],[Discharge_Date]]-tblEncounters5[[#This Row],[Admission_Date]]) -> 8 | AA8: =IF(tblEncounters5[[#This Row],[Calculated_LOS]]="","Missing",IF(tblEncounters5[[#This Row],[Calculated_LOS]]=tblEncounters5[[#This Row],[LOS_Days]],"Match","Mismatch")) -> Match | AB8: =IF(COUNTIF(tblEncounters[Hospital_ID],tblEncounters5[[#This Row],[Hospital_ID]])=1,"Valid","Invalid") -> Invalid | AC8: =IF(tblEncounters5[[#This Row],[Age]]="","Missing Age",IF(OR(tblEncounters5[[#This Row],[Age]]<18,tblEncounters5[[#This Row],[Age]]>100),"Invalid Age",IF(tblEncounters5[[#This Row],[Department]]="","Missing Department",IF(tblEncounters5[[#This Row],[Documentation_Complete]]="","Missing Documentation",IF(tblEncounters5[[#This Row],[LOS_Days]]<0,"Invalid LOS",IF(tblEncounters5[[#This Row],[Duplicate_Encounter_Flag]]="Duplicate","Duplicate Encounter","No Issue")))))) -> Missing Documentation
A9: E0008 | B9: P0008 | C9: H008 | D9: 44 | E9: =IF(tblEncounters5[[#This Row],[Age]]<30,"18-29",IF(tblEncounters5[[#This Row],[Age]]<45,"30-44",IF(tblEncounters5[[#This Row],[Age]]<60,"45-59",IF(tblEncounters5[[#This Row],[Age]]<75,"60-74","75+")))) -> 30-44 | F9: Male | G9: Cardiology | H9: Planned | I9: 46075 | J9: =tblEncounters5[[#This Row],[Admission_Date]]+RANDBETWEEN(1,12) -> 46080 | K9: =tblEncounters5[[#This Row],[Discharge_Date]]-tblEncounters5[[#This Row],[Admission_Date]] -> 5 | L9: No | M9: Another Hospital | N9: Yes | O9: No | P9: Yes | Q9: =_xlfn.XLOOKUP(tblEncounters5[[#This Row],[Hospital_ID]],Table1[Hospital_ID],Table1[Hospital_Name],"Not Found") -> St.Aldric University Hospital | R9: =_xlfn.XLOOKUP(tblEncounters5[[#This Row],[Hospital_ID]],Table1[Hospital_ID],Table1[Country],"Not Found") -> Finland | S9: =_xlfn.XLOOKUP(tblEncounters5[[#This Row],[Hospital_ID]],Table1[Hospital_ID],Table1[FHIR_Enabled],"Not Found") -> Yes | T9: =IF(OR(tblEncounters5[[#This Row],[Age]]="",tblEncounters5[[#This Row],[Age]]<18,tblEncounters5[[#This Row],[Age]]>100,tblEncounters5[[#This Row],[Department]]="",tblEncounters5[[#This Row],[Documentation_Complete]]="",tblEncounters5[[#This Row],[LOS_Days]]<0),"Review","OK") -> OK | U9: =IF(COUNTIF(tblEncounters5[[#All],[Encounter_ID]],tblEncounters5[[#This Row],[Encounter_ID]])>1,"Duplicate","Unique") -> Unique | V9: =PROPER(TRIM(tblEncounters5[[#This Row],[Department]])) -> Cardiology | W9: =IF(LOWER(TRIM(tblEncounters5[[#This Row],[Sex]]))="male","Male",IF(LOWER(TRIM(tblEncounters5[[#This Row],[Sex]]))="female","Female","Review")) -> Male | X9: =IF(OR(LOWER(TRIM(tblEncounters5[[#This Row],[Admission_Type]]))="emergency",LOWER(TRIM(tblEncounters5[[#This Row],[Admission_Type]]))="emerg"),"Emergency",IF(LOWER(TRIM(tblEncounters5[[#This Row],[Admission_Type]]))="planned","Planned","Review")) -> Planned | Y9: =IF(tblEncounters5[[#This Row],[Discharge_Date]]="","Missing Discharge",IF(tblEncounters5[[#This Row],[Discharge_Date]]<tblEncounters5[[#This Row],[Admission_Date]],"Invalid Date","OK")) -> OK | Z9: =IF(OR(tblEncounters5[[#This Row],[Admission_Date]]="",tblEncounters5[[#This Row],[Discharge_Date]]=""),"",tblEncounters5[[#This Row],[Discharge_Date]]-tblEncounters5[[#This Row],[Admission_Date]]) -> 5 | AA9: =IF(tblEncounters5[[#This Row],[Calculated_LOS]]="","Missing",IF(tblEncounters5[[#This Row],[Calculated_LOS]]=tblEncounters5[[#This Row],[LOS_Days]],"Match","Mismatch")) -> Match | AB9: =IF(COUNTIF(tblEncounters[Hospital_ID],tblEncounters5[[#This Row],[Hospital_ID]])=1,"Valid","Invalid") -> Invalid | AC9: =IF(tblEncounters5[[#This Row],[Age]]="","Missing Age",IF(OR(tblEncounters5[[#This Row],[Age]]<18,tblEncounters5[[#This Row],[Age]]>100),"Invalid Age",IF(tblEncounters5[[#This Row],[Department]]="","Missing Department",IF(tblEncounters5[[#This Row],[Documentation_Complete]]="","Missing Documentation",IF(tblEncounters5[[#This Row],[LOS_Days]]<0,"Invalid LOS",IF(tblEncounters5[[#This Row],[Duplicate_Encounter_Flag]]="Duplicate","Duplicate Encounter","No Issue")))))) -> No Issue
A10: E0009 | B10: P0009 | C10: H009 | D10: 37 | E10: =IF(tblEncounters5[[#This Row],[Age]]<30,"18-29",IF(tblEncounters5[[#This Row],[Age]]<45,"30-44",IF(tblEncounters5[[#This Row],[Age]]<60,"45-59",IF(tblEncounters5[[#This Row],[Age]]<75,"60-74","75+")))) -> 30-44 | F10: Female | G10: Neurology | H10: Emergency | I10: 46057 | K10: =tblEncounters5[[#This Row],[Discharge_Date]]-tblEncounters5[[#This Row],[Admission_Date]] -> -46057 | L10: Yes | M10: Nursing Facility | N10: Yes | O10: No | P10: No | Q10: =_xlfn.XLOOKUP(tblEncounters5[[#This Row],[Hospital_ID]],Table1[Hospital_ID],Table1[Hospital_Name],"Not Found") -> Clinica Santa Marisol | R10: =_xlfn.XLOOKUP(tblEncounters5[[#This Row],[Hospital_ID]],Table1[Hospital_ID],Table1[Country],"Not Found") -> Spain | S10: =_xlfn.XLOOKUP(tblEncounters5[[#This Row],[Hospital_ID]],Table1[Hospital_ID],Table1[FHIR_Enabled],"Not Found") -> Partial | T10: =IF(OR(tblEncounters5[[#This Row],[Age]]="",tblEncounters5[[#This Row],[Age]]<18,tblEncounters5[[#This Row],[Age]]>100,tblEncounters5[[#This Row],[Department]]="",tblEncounters5[[#This Row],[Documentation_Complete]]="",tblEncounters5[[#This Row],[LOS_Days]]<0),"Review","OK") -> Review | U10: =IF(COUNTIF(tblEncounters5[[#All],[Encounter_ID]],tblEncounters5[[#This Row],[Encounter_ID]])>1,"Duplicate","Unique") -> Unique | V10: =PROPER(TRIM(tblEncounters5[[#This Row],[Department]])) -> Neurology | W10: =IF(LOWER(TRIM(tblEncounters5[[#This Row],[Sex]]))="male","Male",IF(LOWER(TRIM(tblEncounters5[[#This Row],[Sex]]))="female","Female","Review")) -> Female | X10: =IF(OR(LOWER(TRIM(tblEncounters5[[#This Row],[Admission_Type]]))="emergency",LOWER(TRIM(tblEncounters5[[#This Row],[Admission_Type]]))="emerg"),"Emergency",IF(LOWER(TRIM(tblEncounters5[[#This Row],[Admission_Type]]))="planned","Planned","Review")) -> Emergency | Y10: =IF(tblEncounters5[[#This Row],[Discharge_Date]]="","Missing Discharge",IF(tblEncounters5[[#This Row],[Discharge_Date]]<tblEncounters5[[#This Row],[Admission_Date]],"Invalid Date","OK")) -> Missing Discharge | Z10: =IF(OR(tblEncounters5[[#This Row],[Admission_Date]]="",tblEncounters5[[#This Row],[Discharge_Date]]=""),"",tblEncounters5[[#This Row],[Discharge_Date]]-tblEncounters5[[#This Row],[Admission_Date]]) | AA10: =IF(tblEncounters5[[#This Row],[Calculated_LOS]]="","Missing",IF(tblEncounters5[[#This Row],[Calculated_LOS]]=tblEncounters5[[#This Row],[LOS_Days]],"Match","Mismatch")) -> Missing | AB10: =IF(COUNTIF(tblEncounters[Hospital_ID],tblEncounters5[[#This Row],[Hospital_ID]])=1,"Valid","Invalid") -> Invalid | AC10: =IF(tblEncounters5[[#This Row],[Age]]="","Missing Age",IF(OR(tblEncounters5[[#This Row],[Age]]<18,tblEncounters5[[#This Row],[Age]]>100),"Invalid Age",IF(tblEncounters5[[#This Row],[Department]]="","Missing Department",IF(tblEncounters5[[#This Row],[Documentation_Complete]]="","Missing Documentation",IF(tblEncounters5[[#This Row],[LOS_Days]]<0,"Invalid LOS",IF(tblEncounters5[[#This Row],[Duplicate_Encounter_Flag]]="Duplicate","Duplicate Encounter","No Issue")))))) -> Invalid LOS
A11: E0010 | B11: P0010 | C11: H010 | D11: 39 | E11: =IF(tblEncounters5[[#This Row],[Age]]<30,"18-29",IF(tblEncounters5[[#This Row],[Age]]<45,"30-44",IF(tblEncounters5[[#This Row],[Age]]<60,"45-59",IF(tblEncounters5[[#This Row],[Age]]<75,"60-74","75+")))) -> 30-44 | F11: Male | G11: Orthopaedics | H11: Emergency | I11: 46105 | J11: =tblEncounters5[[#This Row],[Admission_Date]]+RANDBETWEEN(1,12) -> 46107 | K11: =tblEncounters5[[#This Row],[Discharge_Date]]-tblEncounters5[[#This Row],[Admission_Date]] -> 2 | L11: No | M11: Against Medical Advice | N11: No | O11: No | P11: No | Q11: =_xlfn.XLOOKUP(tblEncounters5[[#This Row],[Hospital_ID]],Table1[Hospital_ID],Table1[Hospital_Name],"Not Found") -> Nordhavan Regional Medical Centre | R11: =_xlfn.XLOOKUP(tblEncounters5[[#This Row],[Hospital_ID]],Table1[Hospital_ID],Table1[Country],"Not Found") -> Italy | S11: =_xlfn.XLOOKUP(tblEncounters5[[#This Row],[Hospital_ID]],Table1[Hospital_ID],Table1[FHIR_Enabled],"Not Found") -> No | T11: =IF(OR(tblEncounters5[[#This Row],[Age]]="",tblEncounters5[[#This Row],[Age]]<18,tblEncounters5[[#This Row],[Age]]>100,tblEncounters5[[#This Row],[Department]]="",tblEncounters5[[#This Row],[Documentation_Complete]]="",tblEncounters5[[#This Row],[LOS_Days]]<0),"Review","OK") -> OK | U11: =IF(COUNTIF(tblEncounters5[[#All],[Encounter_ID]],tblEncounters5[[#This Row],[Encounter_ID]])>1,"Duplicate","Unique") -> Unique | V11: =PROPER(TRIM(tblEncounters5[[#This Row],[Department]])) -> Orthopaedics | W11: =IF(LOWER(TRIM(tblEncounters5[[#This Row],[Sex]]))="male","Male",IF(LOWER(TRIM(tblEncounters5[[#This Row],[Sex]]))="female","Female","Review")) -> Male | X11: =IF(OR(LOWER(TRIM(tblEncounters5[[#This Row],[Admission_Type]]))="emergency",LOWER(TRIM(tblEncounters5[[#This Row],[Admission_Type]]))="emerg"),"Emergency",IF(LOWER(TRIM(tblEncounters5[[#This Row],[Admission_Type]]))="planned","Planned","Review")) -> Emergency | Y11: =IF(tblEncounters5[[#This Row],[Discharge_Date]]="","Missing Discharge",IF(tblEncounters5[[#This Row],[Discharge_Date]]<tblEncounters5[[#This Row],[Admission_Date]],"Invalid Date","OK")) -> OK | Z11: =IF(OR(tblEncounters5[[#This Row],[Admission_Date]]="",tblEncounters5[[#This Row],[Discharge_Date]]=""),"",tblEncounters5[[#This Row],[Discharge_Date]]-tblEncounters5[[#This Row],[Admission_Date]]) -> 2 | AA11: =IF(tblEncounters5[[#This Row],[Calculated_LOS]]="","Missing",IF(tblEncounters5[[#This Row],[Calculated_LOS]]=tblEncounters5[[#This Row],[LOS_Days]],"Match","Mismatch")) -> Match | AB11: =IF(COUNTIF(tblEncounters[Hospital_ID],tblEncounters5[[#This Row],[Hospital_ID]])=1,"Valid","Invalid") -> Invalid | AC11: =IF(tblEncounters5[[#This Row],[Age]]="","Missing Age",IF(OR(tblEncounters5[[#This Row],[Age]]<18,tblEncounters5[[#This Row],[Age]]>100),"Invalid Age",IF(tblEncounters5[[#This Row],[Department]]="","Missing Department",IF(tblEncounters5[[#This Row],[Documentation_Complete]]="","Missing Documentation",IF(tblEncounters5[[#This Row],[LOS_Days]]<0,"Invalid LOS",IF(tblEncounters5[[#This Row],[Duplicate_Encounter_Flag]]="Duplicate","Duplicate Encounter","No Issue")))))) -> No Issue
A12: E0011 | B12: P0011 | C12: H001 | D12: 38 | E12: =IF(tblEncounters5[[#This Row],[Age]]<30,"18-29",IF(tblEncounters5[[#This Row],[Age]]<45,"30-44",IF(tblEncounters5[[#This Row],[Age]]<60,"45-59",IF(tblEncounters5[[#This Row],[Age]]<75,"60-74","75+")))) -> 30-44 | F12: Female | G12: PsYchiatry | H12: Emergency | I12: 46103 | J12: =tblEncounters5[[#This Row],[Admission_Date]]+RANDBETWEEN(1,12) -> 46111 | K12: =tblEncounters5[[#This Row],[Discharge_Date]]-tblEncounters5[[#This Row],[Admission_Date]] -> 8 | L12: No | M12: Home | N12: Yes | O12: No | P12: Yes | Q12: =_xlfn.XLOOKUP(tblEncounters5[[#This Row],[Hospital_ID]],Table1[Hospital_ID],Table1[Hospital_Name],"Not Found") -> Nova Medical Centre | R12: =_xlfn.XLOOKUP(tblEncounters5[[#This Row],[Hospital_ID]],Table1[Hospital_ID],Table1[Country],"Not Found") -> Germany | S12: =_xlfn.XLOOKUP(tblEncounters5[[#This Row],[Hospital_ID]],Table1[Hospital_ID],Table1[FHIR_Enabled],"Not Found") -> Yes | T12: =IF(OR(tblEncounters5[[#This Row],[Age]]="",tblEncounters5[[#This Row],[Age]]<18,tblEncounters5[[#This Row],[Age]]>100,tblEncounters5[[#This Row],[Department]]="",tblEncounters5[[#This Row],[Documentation_Complete]]="",tblEncounters5[[#This Row],[LOS_Days]]<0),"Review","OK") -> OK | U12: =IF(COUNTIF(tblEncounters5[[#All],[Encounter_ID]],tblEncounters5[[#This Row],[Encounter_ID]])>1,"Duplicate","Unique") -> Unique | V12: =PROPER(TRIM(tblEncounters5[[#This Row],[Department]])) -> Psychiatry | W12: =IF(LOWER(TRIM(tblEncounters5[[#This Row],[Sex]]))="male","Male",IF(LOWER(TRIM(tblEncounters5[[#This Row],[Sex]]))="female","Female","Review")) -> Female | X12: =IF(OR(LOWER(TRIM(tblEncounters5[[#This Row],[Admission_Type]]))="emergency",LOWER(TRIM(tblEncounters5[[#This Row],[Admission_Type]]))="emerg"),"Emergency",IF(LOWER(TRIM(tblEncounters5[[#This Row],[Admission_Type]]))="planned","Planned","Review")) -> Emergency | Y12: =IF(tblEncounters5[[#This Row],[Discharge_Date]]="","Missing Discharge",IF(tblEncounters5[[#This Row],[Discharge_Date]]<tblEncounters5[[#This Row],[Admission_Date]],"Invalid Date","OK")) -> OK | Z12: =IF(OR(tblEncounters5[[#This Row],[Admission_Date]]="",tblEncounters5[[#This Row],[Discharge_Date]]=""),"",tblEncounters5[[#This Row],[Discharge_Date]]-tblEncounters5[[#This Row],[Admission_Date]]) -> 8 | AA12: =IF(tblEncounters5[[#This Row],[Calculated_LOS]]="","Missing",IF(tblEncounters5[[#This Row],[Calculated_LOS]]=tblEncounters5[[#This Row],[LOS_Days]],"Match","Mismatch")) -> Match | AB12: =IF(COUNTIF(tblEncounters[Hospital_ID],tblEncounters5[[#This Row],[Hospital_ID]])=1,"Valid","Invalid") -> Invalid | AC12: =IF(tblEncounters5[[#This Row],[Age]]="","Missing Age",IF(OR(tblEncounters5[[#This Row],[Age]]<18,tblEncounters5[[#This Row],[Age]]>100),"Invalid Age",IF(tblEncounters5[[#This Row],[Department]]="","Missing Department",IF(tblEncounters5[[#This Row],[Documentation_Complete]]="","Missing Documentation",IF(tblEncounters5[[#This Row],[LOS_Days]]<0,"Invalid LOS",IF(tblEncounters5[[#This Row],[Duplicate_Encounter_Flag]]="Duplicate","Duplicate Encounter","No Issue")))))) -> No Issue
A13: E0012 | B13: P0012 | C13: H002 | D13: 79 | E13: =IF(tblEncounters5[[#This Row],[Age]]<30,"18-29",IF(tblEncounters5[[#This Row],[Age]]<45,"30-44",IF(tblEncounters5[[#This Row],[Age]]<60,"45-59",IF(tblEncounters5[[#This Row],[Age]]<75,"60-74","75+")))) -> 75+ | F13: Female | G13: General Surgery | H13: Emergency | I13: 46107 | J13: =tblEncounters5[[#This Row],[Admission_Date]]+RANDBETWEEN(1,12) -> 46110 | K13: =tblEncounters5[[#This Row],[Discharge_Date]]-tblEncounters5[[#This Row],[Admission_Date]] -> 3 | L13: No | M13: Rehabilitation | N13: Yes | O13: No | P13: No | Q13: =_xlfn.XLOOKUP(tblEncounters5[[#This Row],[Hospital_ID]],Table1[Hospital_ID],Table1[Hospital_Name],"Not Found") -> Aurora Medical Centre | R13: =_xlfn.XLOOKUP(tblEncounters5[[#This Row],[Hospital_ID]],Table1[Hospital_ID],Table1[Country],"Not Found") -> Netherland | S13: =_xlfn.XLOOKUP(tblEncounters5[[#This Row],[Hospital_ID]],Table1[Hospital_ID],Table1[FHIR_Enabled],"Not Found") -> Yes | T13: =IF(OR(tblEncounters5[[#This Row],[Age]]="",tblEncounters5[[#This Row],[Age]]<18,tblEncounters5[[#This Row],[Age]]>100,tblEncounters5[[#This Row],[Department]]="",tblEncounters5[[#This Row],[Documentation_Complete]]="",tblEncounters5[[#This Row],[LOS_Days]]<0),"Review","OK") -> OK | U13: =IF(COUNTIF(tblEncounters5[[#All],[Encounter_ID]],tblEncounters5[[#This Row],[Encounter_ID]])>1,"Duplicate","Unique") -> Unique | V13: =PROPER(TRIM(tblEncounters5[[#This Row],[Department]])) -> General Surgery | W13: =IF(LOWER(TRIM(tblEncounters5[[#This Row],[Sex]]))="male","Male",IF(LOWER(TRIM(tblEncounters5[[#This Row],[Sex]]))="female","Female","Review")) -> Female | X13: =IF(OR(LOWER(TRIM(tblEncounters5[[#This Row],[Admission_Type]]))="emergency",LOWER(TRIM(tblEncounters5[[#This Row],[Admission_Type]]))="emerg"),"Emergency",IF(LOWER(TRIM(tblEncounters5[[#This Row],[Admission_Type]]))="planned","Planned","Review")) -> Emergency | Y13: =IF(tblEncounters5[[#This Row],[Discharge_Date]]="","Missing Discharge",IF(tblEncounters5[[#This Row],[Discharge_Date]]<tblEncounters5[[#This Row],[Admission_Date]],"Invalid Date","OK")) -> OK | Z13: =IF(OR(tblEncounters5[[#This Row],[Admission_Date]]="",tblEncounters5[[#This Row],[Discharge_Date]]=""),"",tblEncounters5[[#This Row],[Discharge_Date]]-tblEncounters5[[#This Row],[Admission_Date]]) -> 3 | AA13: =IF(tblEncounters5[[#This Row],[Calculated_LOS]]="","Missing",IF(tblEncounters5[[#This Row],[Calculated_LOS]]=tblEncounters5[[#This Row],[LOS_Days]],"Match","Mismatch")) -> Match | AB13: =IF(COUNTIF(tblEncounters[Hospital_ID],tblEncounters5[[#This Row],[Hospital_ID]])=1,"Valid","Invalid") -> Invalid | AC13: =IF(tblEncounters5[[#This Row],[Age]]="","Missing Age",IF(OR(tblEncounters5[[#This Row],[Age]]<18,tblEncounters5[[#This Row],[Age]]>100),"Invalid Age",IF(tblEncounters5[[#This Row],[Department]]="","Missing Department",IF(tblEncounters5[[#This Row],[Documentation_Complete]]="","Missing Documentation",IF(tblEncounters5[[#This Row],[LOS_Days]]<0,"Invalid LOS",IF(tblEncounters5[[#This Row],[Duplicate_Encounter_Flag]]="Duplicate","Duplicate Encounter","No Issue")))))) -> No Issue
A14: E0013 | B14: P0013 | C14: H003 | E14: =IF(tblEncounters5[[#This Row],[Age]]<30,"18-29",IF(tblEncounters5[[#This Row],[Age]]<45,"30-44",IF(tblEncounters5[[#This Row],[Age]]<60,"45-59",IF(tblEncounters5[[#This Row],[Age]]<75,"60-74","75+")))) -> 18-29 | F14: Male | H14: Emergency | I14: 46046 | J14: =tblEncounters5[[#This Row],[Admission_Date]]+RANDBETWEEN(1,12) -> 46056 | K14: =tblEncounters5[[#This Row],[Discharge_Date]]-tblEncounters5[[#This Row],[Admission_Date]] -> 10 | L14: Yes | M14: Another Hospital | N14: Yes | O14: No | P14: No | Q14: =_xlfn.XLOOKUP(tblEncounters5[[#This Row],[Hospital_ID]],Table1[Hospital_ID],Table1[Hospital_Name],"Not Found") -> Helis General Hospital | R14: =_xlfn.XLOOKUP(tblEncounters5[[#This Row],[Hospital_ID]],Table1[Hospital_ID],Table1[Country],"Not Found") -> Austria | S14: =_xlfn.XLOOKUP(tblEncounters5[[#This Row],[Hospital_ID]],Table1[Hospital_ID],Table1[FHIR_Enabled],"Not Found") -> Partial | T14: =IF(OR(tblEncounters5[[#This Row],[Age]]="",tblEncounters5[[#This Row],[Age]]<18,tblEncounters5[[#This Row],[Age]]>100,tblEncounters5[[#This Row],[Department]]="",tblEncounters5[[#This Row],[Documentation_Complete]]="",tblEncounters5[[#This Row],[LOS_Days]]<0),"Review","OK") -> Review | U14: =IF(COUNTIF(tblEncounters5[[#All],[Encounter_ID]],tblEncounters5[[#This Row],[Encounter_ID]])>1,"Duplicate","Unique") -> Unique | V14: =PROPER(TRIM(tblEncounters5[[#This Row],[Department]])) | W14: =IF(LOWER(TRIM(tblEncounters5[[#This Row],[Sex]]))="male","Male",IF(LOWER(TRIM(tblEncounters5[[#This Row],[Sex]]))="female","Female","Review")) -> Male | X14: =IF(OR(LOWER(TRIM(tblEncounters5[[#This Row],[Admission_Type]]))="emergency",LOWER(TRIM(tblEncounters5[[#This Row],[Admission_Type]]))="emerg"),"Emergency",IF(LOWER(TRIM(tblEncounters5[[#This Row],[Admission_Type]]))="planned","Planned","Review")) -> Emergency | Y14: =IF(tblEncounters5[[#This Row],[Discharge_Date]]="","Missing Discharge",IF(tblEncounters5[[#This Row],[Discharge_Date]]<tblEncounters5[[#This Row],[Admission_Date]],"Invalid Date","OK")) -> OK | Z14: =IF(OR(tblEncounters5[[#This Row],[Admission_Date]]="",tblEncounters5[[#This Row],[Discharge_Date]]=""),"",tblEncounters5[[#This Row],[Discharge_Date]]-tblEncounters5[[#This Row],[Admission_Date]]) -> 10 | AA14: =IF(tblEncounters5[[#This Row],[Calculated_LOS]]="","Missing",IF(tblEncounters5[[#This Row],[Calculated_LOS]]=tblEncounters5[[#This Row],[LOS_Days]],"Match","Mismatch")) -> Match | AB14: =IF(COUNTIF(tblEncounters[Hospital_ID],tblEncounters5[[#This Row],[Hospital_ID]])=1,"Valid","Invalid") -> Invalid | AC14: =IF(tblEncounters5[[#This Row],[Age]]="","Missing Age",IF(OR(tblEncounters5[[#This Row],[Age]]<18,tblEncounters5[[#This Row],[Age]]>100),"Invalid Age",IF(tblEncounters5[[#This Row],[Department]]="","Missing Department",IF(tblEncounters5[[#This Row],[Documentation_Complete]]="","Missing Documentation",IF(tblEncounters5[[#This Row],[LOS_Days]]<0,"Invalid LOS",IF(tblEncounters5[[#This Row],[Duplicate_Encounter_Flag]]="Duplicate","Duplicate Encounter","No Issue")))))) -> Missing Age
A15: E0014 | B15: P0014 | C15: H004 | D15: 39 | E15: =IF(tblEncounters5[[#This Row],[Age]]<30,"18-29",IF(tblEncounters5[[#This Row],[Age]]<45,"30-44",IF(tblEncounters5[[#This Row],[Age]]<60,"45-59",IF(tblEncounters5[[#This Row],[Age]]<75,"60-74","75+")))) -> 30-44 | F15: Male | G15: Cardiology | H15: Emergency | I15: 46050 | J15: =tblEncounters5[[#This Row],[Admission_Date]]+RANDBETWEEN(1,12) -> 46060 | K15: =tblEncounters5[[#This Row],[Discharge_Date]]-tblEncounters5[[#This Row],[Admission_Date]] -> 10 | L15: No | M15: Nursing Facility | N15: Yes | O15: No | P15: No | Q15: =_xlfn.XLOOKUP(tblEncounters5[[#This Row],[Hospital_ID]],Table1[Hospital_ID],Table1[Hospital_Name],"Not Found") -> St. Clara Medical Centre | R15: =_xlfn.XLOOKUP(tblEncounters5[[#This Row],[Hospital_ID]],Table1[Hospital_ID],Table1[Country],"Not Found") -> France | S15: =_xlfn.XLOOKUP(tblEncounters5[[#This Row],[Hospital_ID]],Table1[Hospital_ID],Table1[FHIR_Enabled],"Not Found") -> Yes | T15: =IF(OR(tblEncounters5[[#This Row],[Age]]="",tblEncounters5[[#This Row],[Age]]<18,tblEncounters5[[#This Row],[Age]]>100,tblEncounters5[[#This Row],[Department]]="",tblEncounters5[[#This Row],[Documentation_Complete]]="",tblEncounters5[[#This Row],[LOS_Days]]<0),"Review","OK") -> OK | U15: =IF(COUNTIF(tblEncounters5[[#All],[Encounter_ID]],tblEncounters5[[#This Row],[Encounter_ID]])>1,"Duplicate","Unique") -> Unique | V15: =PROPER(TRIM(tblEncounters5[[#This Row],[Department]])) -> Cardiology | W15: =IF(LOWER(TRIM(tblEncounters5[[#This Row],[Sex]]))="male","Male",IF(LOWER(TRIM(tblEncounters5[[#This Row],[Sex]]))="female","Female","Review")) -> Male | X15: =IF(OR(LOWER(TRIM(tblEncounters5[[#This Row],[Admission_Type]]))="emergency",LOWER(TRIM(tblEncounters5[[#This Row],[Admission_Type]]))="emerg"),"Emergency",IF(LOWER(TRIM(tblEncounters5[[#This Row],[Admission_Type]]))="planned","Planned","Review")) -> Emergency | Y15: =IF(tblEncounters5[[#This Row],[Discharge_Date]]="","Missing Discharge",IF(tblEncounters5[[#This Row],[Discharge_Date]]<tblEncounters5[[#This Row],[Admission_Date]],"Invalid Date","OK")) -> OK | Z15: =IF(OR(tblEncounters5[[#This Row],[Admission_Date]]="",tblEncounters5[[#This Row],[Discharge_Date]]=""),"",tblEncounters5[[#This Row],[Discharge_Date]]-tblEncounters5[[#This Row],[Admission_Date]]) -> 10 | AA15: =IF(tblEncounters5[[#This Row],[Calculated_LOS]]="","Missing",IF(tblEncounters5[[#This Row],[Calculated_LOS]]=tblEncounters5[[#This Row],[LOS_Days]],"Match","Mismatch")) -> Match | AB15: =IF(COUNTIF(tblEncounters[Hospital_ID],tblEncounters5[[#This Row],[Hospital_ID]])=1,"Valid","Invalid") -> Invalid | AC15: =IF(tblEncounters5[[#This Row],[Age]]="","Missing Age",IF(OR(tblEncounters5[[#This Row],[Age]]<18,tblEncounters5[[#This Row],[Age]]>100),"Invalid Age",IF(tblEncounters5[[#This Row],[Department]]="","Missing Department",IF(tblEncounters5[[#This Row],[Documentation_Complete]]="","Missing Documentation",IF(tblEncounters5[[#This Row],[LOS_Days]]<0,"Invalid LOS",IF(tblEncounters5[[#This Row],[Duplicate_Encounter_Flag]]="Duplicate","Duplicate Encounter","No Issue")))))) -> No Issue
A16: E0015 | B16: P0015 | C16: H005 | D16: 41 | E16: =IF(tblEncounters5[[#This Row],[Age]]<30,"18-29",IF(tblEncounters5[[#This Row],[Age]]<45,"30-44",IF(tblEncounters5[[#This Row],[Age]]<60,"45-59",IF(tblEncounters5[[#This Row],[Age]]<75,"60-74","75+")))) -> 30-44 | F16: Female | G16: Neurology | H16: Emergency | I16: 46090 | J16: =tblEncounters5[[#This Row],[Admission_Date]]+RANDBETWEEN(1,12) -> 46091 | K16: =tblEncounters5[[#This Row],[Discharge_Date]]-tblEncounters5[[#This Row],[Admission_Date]] -> 1 | L16: No | M16: Against Medical Advice | N16: Yes | O16: Yes | P16: No | Q16: =_xlfn.XLOOKUP(tblEncounters5[[#This Row],[Hospital_ID]],Table1[Hospital_ID],Table1[Hospital_Name],"Not Found") -> Europa Health Institute | R16: =_xlfn.XLOOKUP(tblEncounters5[[#This Row],[Hospital_ID]],Table1[Hospital_ID],Table1[Country],"Not Found") -> Belgium | S16: =_xlfn.XLOOKUP(tblEncounters5[[#This Row],[Hospital_ID]],Table1[Hospital_ID],Table1[FHIR_Enabled],"Not Found") -> Yes | T16: =IF(OR(tblEncounters5[[#This Row],[Age]]="",tblEncounters5[[#This Row],[Age]]<18,tblEncounters5[[#This Row],[Age]]>100,tblEncounters5[[#This Row],[Department]]="",tblEncounters5[[#This Row],[Documentation_Complete]]="",tblEncounters5[[#This Row],[LOS_Days]]<0),"Review","OK") -> OK | U16: =IF(COUNTIF(tblEncounters5[[#All],[Encounter_ID]],tblEncounters5[[#This Row],[Encounter_ID]])>1,"Duplicate","Unique") -> Duplicate | V16: =PROPER(TRIM(tblEncounters5[[#This Row],[Department]])) -> Neurology | W16: =IF(LOWER(TRIM(tblEncounters5[[#This Row],[Sex]]))="male","Male",IF(LOWER(TRIM(tblEncounters5[[#This Row],[Sex]]))="female","Female","Review")) -> Female | X16: =IF(OR(LOWER(TRIM(tblEncounters5[[#This Row],[Admission_Type]]))="emergency",LOWER(TRIM(tblEncounters5[[#This Row],[Admission_Type]]))="emerg"),"Emergency",IF(LOWER(TRIM(tblEncounters5[[#This Row],[Admission_Type]]))="planned","Planned","Review")) -> Emergency | Y16: =IF(tblEncounters5[[#This Row],[Discharge_Date]]="","Missing Discharge",IF(tblEncounters5[[#This Row],[Discharge_Date]]<tblEncounters5[[#This Row],[Admission_Date]],"Invalid Date","OK")) -> OK | Z16: =IF(OR(tblEncounters5[[#This Row],[Admission_Date]]="",tblEncounters5[[#This Row],[Discharge_Date]]=""),"",tblEncounters5[[#This Row],[Discharge_Date]]-tblEncounters5[[#This Row],[Admission_Date]]) -> 1 | AA16: =IF(tblEncounters5[[#This Row],[Calculated_LOS]]="","Missing",IF(tblEncounters5[[#This Row],[Calculated_LOS]]=tblEncounters5[[#This Row],[LOS_Days]],"Match","Mismatch")) -> Match | AB16: =IF(COUNTIF(tblEncounters[Hospital_ID],tblEncounters5[[#This Row],[Hospital_ID]])=1,"Valid","Invalid") -> Invalid | AC16: =IF(tblEncounters5[[#This Row],[Age]]="","Missing Age",IF(OR(tblEncounters5[[#This Row],[Age]]<18,tblEncounters5[[#This Row],[Age]]>100),"Invalid Age",IF(tblEncounters5[[#This Row],[Department]]="","Missing Department",IF(tblEncounters5[[#This Row],[Documentation_Complete]]="","Missing Documentation",IF(tblEncounters5[[#This Row],[LOS_Days]]<0,"Invalid LOS",IF(tblEncounters5[[#This Row],[Duplicate_Encounter_Flag]]="Duplicate","Duplicate Encounter","No Issue")))))) -> Duplicate Encounter
A17: E0016 | B17: P0016 | C17: H006 | D17: 85 | E17: =IF(tblEncounters5[[#This Row],[Age]]<30,"18-29",IF(tblEncounters5[[#This Row],[Age]]<45,"30-44",IF(tblEncounters5[[#This Row],[Age]]<60,"45-59",IF(tblEncounters5[[#This Row],[Age]]<75,"60-74","75+")))) -> 75+ | F17: Male | G17: Orthopaedics | H17: Planned | I17: 46084 | J17: =tblEncounters5[[#This Row],[Admission_Date]]+RANDBETWEEN(1,12) -> 46096 | K17: =tblEncounters5[[#This Row],[Discharge_Date]]-tblEncounters5[[#This Row],[Admission_Date]] -> 12 | L17: No | M17: Home | N17: Yes | O17: No | P17: No | Q17: =_xlfn.XLOOKUP(tblEncounters5[[#This Row],[Hospital_ID]],Table1[Hospital_ID],Table1[Hospital_Name],"Not Found") -> Marbel General Hospital | R17: =_xlfn.XLOOKUP(tblEncounters5[[#This Row],[Hospital_ID]],Table1[Hospital_ID],Table1[Country],"Not Found") -> Sweden | S17: =_xlfn.XLOOKUP(tblEncounters5[[#This Row],[Hospital_ID]],Table1[Hospital_ID],Table1[FHIR_Enabled],"Not Found") -> Yes | T17: =IF(OR(tblEncounters5[[#This Row],[Age]]="",tblEncounters5[[#This Row],[Age]]<18,tblEncounters5[[#This Row],[Age]]>100,tblEncounters5[[#This Row],[Department]]="",tblEncounters5[[#This Row],[Documentation_Complete]]="",tblEncounters5[[#This Row],[LOS_Days]]<0),"Review","OK") -> OK | U17: =IF(COUNTIF(tblEncounters5[[#All],[Encounter_ID]],tblEncounters5[[#This Row],[Encounter_ID]])>1,"Duplicate","Unique") -> Unique | V17: =PROPER(TRIM(tblEncounters5[[#This Row],[Department]])) -> Orthopaedics | W17: =IF(LOWER(TRIM(tblEncounters5[[#This Row],[Sex]]))="male","Male",IF(LOWER(TRIM(tblEncounters5[[#This Row],[Sex]]))="female","Female","Review")) -> Male | X17: =IF(OR(LOWER(TRIM(tblEncounters5[[#This Row],[Admission_Type]]))="emergency",LOWER(TRIM(tblEncounters5[[#This Row],[Admission_Type]]))="emerg"),"Emergency",IF(LOWER(TRIM(tblEncounters5[[#This Row],[Admission_Type]]))="planned","Planned","Review")) -> Planned | Y17: =IF(tblEncounters5[[#This Row],[Discharge_Date]]="","Missing Discharge",IF(tblEncounters5[[#This Row],[Discharge_Date]]<tblEncounters5[[#This Row],[Admission_Date]],"Invalid Date","OK")) -> OK | Z17: =IF(OR(tblEncounters5[[#This Row],[Admission_Date]]="",tblEncounters5[[#This Row],[Discharge_Date]]=""),"",tblEncounters5[[#This Row],[Discharge_Date]]-tblEncounters5[[#This Row],[Admission_Date]]) -> 12 | AA17: =IF(tblEncounters5[[#This Row],[Calculated_LOS]]="","Missing",IF(tblEncounters5[[#This Row],[Calculated_LOS]]=tblEncounters5[[#This Row],[LOS_Days]],"Match","Mismatch")) -> Match | AB17: =IF(COUNTIF(tblEncounters[Hospital_ID],tblEncounters5[[#This Row],[Hospital_ID]])=1,"Valid","Invalid") -> Invalid | AC17: =IF(tblEncounters5[[#This Row],[Age]]="","Missing Age",IF(OR(tblEncounters5[[#This Row],[Age]]<18,tblEncounters5[[#This Row],[Age]]>100),"Invalid Age",IF(tblEncounters5[[#This Row],[Department]]="","Missing Department",IF(tblEncounters5[[#This Row],[Documentation_Complete]]="","Missing Documentation",IF(tblEncounters5[[#This Row],[LOS_Days]]<0,"Invalid LOS",IF(tblEncounters5[[#This Row],[Duplicate_Encounter_Flag]]="Duplicate","Duplicate Encounter","No Issue")))))) -> No Issue
A18: E0017 | B18: P0017 | C18: H007 | D18: 40 | E18: =IF(tblEncounters5[[#This Row],[Age]]<30,"18-29",IF(tblEncounters5[[#This Row],[Age]]<45,"30-44",IF(tblEncounters5[[#This Row],[Age]]<60,"45-59",IF(tblEncounters5[[#This Row],[Age]]<75,"60-74","75+")))) -> 30-44 | F18: Female | G18: Psychiatry | H18: Emergency | I18: 46044 | J18: =tblEncounters5[[#This Row],[Admission_Date]]+RANDBETWEEN(1,12) -> 46048 | K18: =tblEncounters5[[#This Row],[Discharge_Date]]-tblEncounters5[[#This Row],[Admission_Date]] -> 4 | L18: Yes | M18: Rehabilitation | N18: Yes | O18: No | P18: Yes | Q18: =_xlfn.XLOOKUP(tblEncounters5[[#This Row],[Hospital_ID]],Table1[Hospital_ID],Table1[Hospital_Name],"Not Found") -> Helix Medical Centre | R18: =_xlfn.XLOOKUP(tblEncounters5[[#This Row],[Hospital_ID]],Table1[Hospital_ID],Table1[Country],"Not Found") -> Denmark | S18: =_xlfn.XLOOKUP(tblEncounters5[[#This Row],[Hospital_ID]],Table1[Hospital_ID],Table1[FHIR_Enabled],"Not Found") -> Partial | T18: =IF(OR(tblEncounters5[[#This Row],[Age]]="",tblEncounters5[[#This Row],[Age]]<18,tblEncounters5[[#This Row],[Age]]>100,tblEncounters5[[#This Row],[Department]]="",tblEncounters5[[#This Row],[Documentation_Complete]]="",tblEncounters5[[#This Row],[LOS_Days]]<0),"Review","OK") -> OK | U18: =IF(COUNTIF(tblEncounters5[[#All],[Encounter_ID]],tblEncounters5[[#This Row],[Encounter_ID]])>1,"Duplicate","Unique") -> Unique | V18: =PROPER(TRIM(tblEncounters5[[#This Row],[Department]])) -> Psychiatry | W18: =IF(LOWER(TRIM(tblEncounters5[[#This Row],[Sex]]))="male","Male",IF(LOWER(TRIM(tblEncounters5[[#This Row],[Sex]]))="female","Female","Review")) -> Female | X18: =IF(OR(LOWER(TRIM(tblEncounters5[[#This Row],[Admission_Type]]))="emergency",LOWER(TRIM(tblEncounters5[[#This Row],[Admission_Type]]))="emerg"),"Emergency",IF(LOWER(TRIM(tblEncounters5[[#This Row],[Admission_Type]]))="planned","Planned","Review")) -> Emergency | Y18: =IF(tblEncounters5[[#This Row],[Discharge_Date]]="","Missing Discharge",IF(tblEncounters5[[#This Row],[Discharge_Date]]<tblEncounters5[[#This Row],[Admission_Date]],"Invalid Date","OK")) -> OK | Z18: =IF(OR(tblEncounters5[[#This Row],[Admission_Date]]="",tblEncounters5[[#This Row],[Discharge_Date]]=""),"",tblEncounters5[[#This Row],[Discharge_Date]]-tblEncounters5[[#This Row],[Admission_Date]]) -> 4 | AA18: =IF(tblEncounters5[[#This Row],[Calculated_LOS]]="","Missing",IF(tblEncounters5[[#This Row],[Calculated_LOS]]=tblEncounters5[[#This Row],[LOS_Days]],"Match","Mismatch")) -> Match | AB18: =IF(COUNTIF(tblEncounters[Hospital_ID],tblEncounters5[[#This Row],[Hospital_ID]])=1,"Valid","Invalid") -> Invalid | AC18: =IF(tblEncounters5[[#This Row],[Age]]="","Missing Age",IF(OR(tblEncounters5[[#This Row],[Age]]<18,tblEncounters5[[#This Row],[Age]]>100),"Invalid Age",IF(tblEncounters5[[#This Row],[Department]]="","Missing Department",IF(tblEncounters5[[#This Row],[Documentation_Complete]]="","Missing Documentation",IF(tblEncounters5[[#This Row],[LOS_Days]]<0,"Invalid LOS",IF(tblEncounters5[[#This Row],[Duplicate_Encounter_Flag]]="Duplicate","Duplicate Encounter","No Issue")))))) -> No Issue
A19: E0018 | B19: P0018 | C19: H008 | D19: 72 | E19: =IF(tblEncounters5[[#This Row],[Age]]<30,"18-29",IF(tblEncounters5[[#This Row],[Age]]<45,"30-44",IF(tblEncounters5[[#This Row],[Age]]<60,"45-59",IF(tblEncounters5[[#This Row],[Age]]<75,"60-74","75+")))) -> 60-74 | F19: Male | G19: General Surgery | H19: Planned | I19: 46044 | J19: =tblEncounters5[[#This Row],[Admission_Date]]+RANDBETWEEN(1,12) -> 46051 | K19: =tblEncounters5[[#This Row],[Discharge_Date]]-tblEncounters5[[#This Row],[Admission_Date]] -> 7 | L19: No | M19: Another Hospital | O19: No | P19: Yes | Q19: =_xlfn.XLOOKUP(tblEncounters5[[#This Row],[Hospital_ID]],Table1[Hospital_ID],Table1[Hospital_Name],"Not Found") -> St.Aldric University Hospital | R19: =_xlfn.XLOOKUP(tblEncounters5[[#This Row],[Hospital_ID]],Table1[Hospital_ID],Table1[Country],"Not Found") -> Finland | S19: =_xlfn.XLOOKUP(tblEncounters5[[#This Row],[Hospital_ID]],Table1[Hospital_ID],Table1[FHIR_Enabled],"Not Found") -> Yes | T19: =IF(OR(tblEncounters5[[#This Row],[Age]]="",tblEncounters5[[#This Row],[Age]]<18,tblEncounters5[[#This Row],[Age]]>100,tblEncounters5[[#This Row],[Department]]="",tblEncounters5[[#This Row],[Documentation_Complete]]="",tblEncounters5[[#This Row],[LOS_Days]]<0),"Review","OK") -> Review | U19: =IF(COUNTIF(tblEncounters5[[#All],[Encounter_ID]],tblEncounters5[[#This Row],[Encounter_ID]])>1,"Duplicate","Unique") -> Unique | V19: =PROPER(TRIM(tblEncounters5[[#This Row],[Department]])) -> General Surgery | W19: =IF(LOWER(TRIM(tblEncounters5[[#This Row],[Sex]]))="male","Male",IF(LOWER(TRIM(tblEncounters5[[#This Row],[Sex]]))="female","Female","Review")) -> Male | X19: =IF(OR(LOWER(TRIM(tblEncounters5[[#This Row],[Admission_Type]]))="emergency",LOWER(TRIM(tblEncounters5[[#This Row],[Admission_Type]]))="emerg"),"Emergency",IF(LOWER(TRIM(tblEncounters5[[#This Row],[Admission_Type]]))="planned","Planned","Review")) -> Planned | Y19: =IF(tblEncounters5[[#This Row],[Discharge_Date]]="","Missing Discharge",IF(tblEncounters5[[#This Row],[Discharge_Date]]<tblEncounters5[[#This Row],[Admission_Date]],"Invalid Date","OK")) -> OK | Z19: =IF(OR(tblEncounters5[[#This Row],[Admission_Date]]="",tblEncounters5[[#This Row],[Discharge_Date]]=""),"",tblEncounters5[[#This Row],[Discharge_Date]]-tblEncounters5[[#This Row],[Admission_Date]]) -> 7 | AA19: =IF(tblEncounters5[[#This Row],[Calculated_LOS]]="","Missing",IF(tblEncounters5[[#This Row],[Calculated_LOS]]=tblEncounters5[[#This Row],[LOS_Days]],"Match","Mismatch")) -> Match | AB19: =IF(COUNTIF(tblEncounters[Hospital_ID],tblEncounters5[[#This Row],[Hospital_ID]])=1,"Valid","Invalid") -> Invalid | AC19: =IF(tblEncounters5[[#This Row],[Age]]="","Missing Age",IF(OR(tblEncounters5[[#This Row],[Age]]<18,tblEncounters5[[#This Row],[Age]]>100),"Invalid Age",IF(tblEncounters5[[#This Row],[Department]]="","Missing Department",IF(tblEncounters5[[#This Row],[Documentation_Complete]]="","Missing Documentation",IF(tblEncounters5[[#This Row],[LOS_Days]]<0,"Invalid LOS",IF(tblEncounters5[[#This Row],[Duplicate_Encounter_Flag]]="Duplicate","Duplicate Encounter","No Issue")))))) -> Missing Documentation
A20: E0019 | B20: P0019 | C20: H009 | D20: 81 | E20: =IF(tblEncounters5[[#This Row],[Age]]<30,"18-29",IF(tblEncounters5[[#This Row],[Age]]<45,"30-44",IF(tblEncounters5[[#This Row],[Age]]<60,"45-59",IF(tblEncounters5[[#This Row],[Age]]<75,"60-74","75+")))) -> 75+ | F20: Female | G20: General Medicine | H20: Emergency | I20: 46105 | J20: =tblEncounters5[[#This Row],[Admission_Date]]+RANDBETWEEN(1,12) -> 46106 | K20: =tblEncounters5[[#This Row],[Discharge_Date]]-tblEncounters5[[#This Row],[Admission_Date]] -> 1 | L20: No | M20: Nursing Facility | N20: Yes | O20: No | P20: No | Q20: =_xlfn.XLOOKUP(tblEncounters5[[#This Row],[Hospital_ID]],Table1[Hospital_ID],Table1[Hospital_Name],"Not Found") -> Clinica Santa Marisol | R20: =_xlfn.XLOOKUP(tblEncounters5[[#This Row],[Hospital_ID]],Table1[Hospital_ID],Table1[Country],"Not Found") -> Spain | S20: =_xlfn.XLOOKUP(tblEncounters5[[#This Row],[Hospital_ID]],Table1[Hospital_ID],Table1[FHIR_Enabled],"Not Found") -> Partial | T20: =IF(OR(tblEncounters5[[#This Row],[Age]]="",tblEncounters5[[#This Row],[Age]]<18,tblEncounters5[[#This Row],[Age]]>100,tblEncounters5[[#This Row],[Department]]="",tblEncounters5[[#This Row],[Documentation_Complete]]="",tblEncounters5[[#This Row],[LOS_Days]]<0),"Review","OK") -> OK | U20: =IF(COUNTIF(tblEncounters5[[#All],[Encounter_ID]],tblEncounters5[[#This Row],[Encounter_ID]])>1,"Duplicate","Unique") -> Unique | V20: =PROPER(TRIM(tblEncounters5[[#This Row],[Department]])) -> General Medicine | W20: =IF(LOWER(TRIM(tblEncounters5[[#This Row],[Sex]]))="male","Male",IF(LOWER(TRIM(tblEncounters5[[#This Row],[Sex]]))="female","Female","Review")) -> Female | X20: =IF(OR(LOWER(TRIM(tblEncounters5[[#This Row],[Admission_Type]]))="emergency",LOWER(TRIM(tblEncounters5[[#This Row],[Admission_Type]]))="emerg"),"Emergency",IF(LOWER(TRIM(tblEncounters5[[#This Row],[Admission_Type]]))="planned","Planned","Review")) -> Emergency | Y20: =IF(tblEncounters5[[#This Row],[Discharge_Date]]="","Missing Discharge",IF(tblEncounters5[[#This Row],[Discharge_Date]]<tblEncounters5[[#This Row],[Admission_Date]],"Invalid Date","OK")) -> OK | Z20: =IF(OR(tblEncounters5[[#This Row],[Admission_Date]]="",tblEncounters5[[#This Row],[Discharge_Date]]=""),"",tblEncounters5[[#This Row],[Discharge_Date]]-tblEncounters5[[#This Row],[Admission_Date]]) -> 1 | AA20: =IF(tblEncounters5[[#This Row],[Calculated_LOS]]="","Missing",IF(tblEncounters5[[#This Row],[Calculated_LOS]]=tblEncounters5[[#This Row],[LOS_Days]],"Match","Mismatch")) -> Match | AB20: =IF(COUNTIF(tblEncounters[Hospital_ID],tblEncounters5[[#This Row],[Hospital_ID]])=1,"Valid","Invalid") -> Invalid | AC20: =IF(tblEncounters5[[#This Row],[Age]]="","Missing Age",IF(OR(tblEncounters5[[#This Row],[Age]]<18,tblEncounters5[[#This Row],[Age]]>100),"Invalid Age",IF(tblEncounters5[[#This Row],[Department]]="","Missing Department",IF(tblEncounters5[[#This Row],[Documentation_Complete]]="","Missing Documentation",IF(tblEncounters5[[#This Row],[LOS_Days]]<0,"Invalid LOS",IF(tblEncounters5[[#This Row],[Duplicate_Encounter_Flag]]="Duplicate","Duplicate Encounter","No Issue")))))) -> No Issue
A21: E0020 | B21: P0020 | C21: H010 | D21: 69 | E21: =IF(tblEncounters5[[#This Row],[Age]]<30,"18-29",IF(tblEncounters5[[#This Row],[Age]]<45,"30-44",IF(tblEncounters5[[#This Row],[Age]]<60,"45-59",IF(tblEncounters5[[#This Row],[Age]]<75,"60-74","75+")))) -> 60-74 | F21: Male | G21: Cardiology | H21: Emergency | I21: 46096 | J21: =tblEncounters5[[#This Row],[Admission_Date]]+RANDBETWEEN(1,12) -> 46106 | K21: -4 | L21: No | M21: Against Medical Advice | N21: Yes | O21: No | P21: No | Q21: =_xlfn.XLOOKUP(tblEncounters5[[#This Row],[Hospital_ID]],Table1[Hospital_ID],Table1[Hospital_Name],"Not Found") -> Nordhavan Regional Medical Centre | R21: =_xlfn.XLOOKUP(tblEncounters5[[#This Row],[Hospital_ID]],Table1[Hospital_ID],Table1[Country],"Not Found") -> Italy | S21: =_xlfn.XLOOKUP(tblEncounters5[[#This Row],[Hospital_ID]],Table1[Hospital_ID],Table1[FHIR_Enabled],"Not Found") -> No | T21: =IF(OR(tblEncounters5[[#This Row],[Age]]="",tblEncounters5[[#This Row],[Age]]<18,tblEncounters5[[#This Row],[Age]]>100,tblEncounters5[[#This Row],[Department]]="",tblEncounters5[[#This Row],[Documentation_Complete]]="",tblEncounters5[[#This Row],[LOS_Days]]<0),"Review","OK") -> Review | U21: =IF(COUNTIF(tblEncounters5[[#All],[Encounter_ID]],tblEncounters5[[#This Row],[Encounter_ID]])>1,"Duplicate","Unique") -> Unique | V21: =PROPER(TRIM(tblEncounters5[[#This Row],[Department]])) -> Cardiology | W21: =IF(LOWER(TRIM(tblEncounters5[[#This Row],[Sex]]))="male","Male",IF(LOWER(TRIM(tblEncounters5[[#This Row],[Sex]]))="female","Female","Review")) -> Male | X21: =IF(OR(LOWER(TRIM(tblEncounters5[[#This Row],[Admission_Type]]))="emergency",LOWER(TRIM(tblEncounters5[[#This Row],[Admission_Type]]))="emerg"),"Emergency",IF(LOWER(TRIM(tblEncounters5[[#This Row],[Admission_Type]]))="planned","Planned","Review")) -> Emergency | Y21: =IF(tblEncounters5[[#This Row],[Discharge_Date]]="","Missing Discharge",IF(tblEncounters5[[#This Row],[Discharge_Date]]<tblEncounters5[[#This Row],[Admission_Date]],"Invalid Date","OK")) -> OK | Z21: =IF(OR(tblEncounters5[[#This Row],[Admission_Date]]="",tblEncounters5[[#This Row],[Discharge_Date]]=""),"",tblEncounters5[[#This Row],[Discharge_Date]]-tblEncounters5[[#This Row],[Admission_Date]]) -> 10 | AA21: =IF(tblEncounters5[[#This Row],[Calculated_LOS]]="","Missing",IF(tblEncounters5[[#This Row],[Calculated_LOS]]=tblEncounters5[[#This Row],[LOS_Days]],"Match","Mismatch")) -> Mismatch | AB21: =IF(COUNTIF(tblEncounters[Hospital_ID],tblEncounters5[[#This Row],[Hospital_ID]])=1,"Valid","Invalid") -> Invalid | AC21: =IF(tblEncounters5[[#This Row],[Age]]="","Missing Age",IF(OR(tblEncounters5[[#This Row],[Age]]<18,tblEncounters5[[#This Row],[Age]]>100),"Invalid Age",IF(tblEncounters5[[#This Row],[Department]]="","Missing Department",IF(tblEncounters5[[#This Row],[Documentation_Complete]]="","Missing Documentation",IF(tblEncounters5[[#This Row],[LOS_Days]]<0,"Invalid LOS",IF(tblEncounters5[[#This Row],[Duplicate_Encounter_Flag]]="Duplicate","Duplicate Encounter","No Issue")))))) -> Invalid LOS
A22: E0021 | B22: P0021 | C22: H001 | D22: 63 | E22: =IF(tblEncounters5[[#This Row],[Age]]<30,"18-29",IF(tblEncounters5[[#This Row],[Age]]<45,"30-44",IF(tblEncounters5[[#This Row],[Age]]<60,"45-59",IF(tblEncounters5[[#This Row],[Age]]<75,"60-74","75+")))) -> 60-74 | F22: Male | G22: Neurology | H22: Emergency | I22: 46112 | J22: =tblEncounters5[[#This Row],[Admission_Date]]+RANDBETWEEN(1,12) -> 46124 | K22: =tblEncounters5[[#This Row],[Discharge_Date]]-tblEncounters5[[#This Row],[Admission_Date]] -> 12 | L22: Yes | M22: Home | N22: Yes | O22: Yes | P22: No | Q22: =_xlfn.XLOOKUP(tblEncounters5[[#This Row],[Hospital_ID]],Table1[Hospital_ID],Table1[Hospital_Name],"Not Found") -> Nova Medical Centre | R22: =_xlfn.XLOOKUP(tblEncounters5[[#This Row],[Hospital_ID]],Table1[Hospital_ID],Table1[Country],"Not Found") -> Germany | S22: =_xlfn.XLOOKUP(tblEncounters5[[#This Row],[Hospital_ID]],Table1[Hospital_ID],Table1[FHIR_Enabled],"Not Found") -> Yes | T22: =IF(OR(tblEncounters5[[#This Row],[Age]]="",tblEncounters5[[#This Row],[Age]]<18,tblEncounters5[[#This Row],[Age]]>100,tblEncounters5[[#This Row],[Department]]="",tblEncounters5[[#This Row],[Documentation_Complete]]="",tblEncounters5[[#This Row],[LOS_Days]]<0),"Review","OK") -> OK | U22: =IF(COUNTIF(tblEncounters5[[#All],[Encounter_ID]],tblEncounters5[[#This Row],[Encounter_ID]])>1,"Duplicate","Unique") -> Unique | V22: =PROPER(TRIM(tblEncounters5[[#This Row],[Department]])) -> Neurology | W22: =IF(LOWER(TRIM(tblEncounters5[[#This Row],[Sex]]))="male","Male",IF(LOWER(TRIM(tblEncounters5[[#This Row],[Sex]]))="female","Female","Review")) -> Male | X22: =IF(OR(LOWER(TRIM(tblEncounters5[[#This Row],[Admission_Type]]))="emergency",LOWER(TRIM(tblEncounters5[[#This Row],[Admission_Type]]))="emerg"),"Emergency",IF(LOWER(TRIM(tblEncounters5[[#This Row],[Admission_Type]]))="planned","Planned","Review")) -> Emergency | Y22: =IF(tblEncounters5[[#This Row],[Discharge_Date]]="","Missing Discharge",IF(tblEncounters5[[#This Row],[Discharge_Date]]<tblEncounters5[[#This Row],[Admission_Date]],"Invalid Date","OK")) -> OK | Z22: =IF(OR(tblEncounters5[[#This Row],[Admission_Date]]="",tblEncounters5[[#This Row],[Discharge_Date]]=""),"",tblEncounters5[[#This Row],[Discharge_Date]]-tblEncounters5[[#This Row],[Admission_Date]]) -> 12 | AA22: =IF(tblEncounters5[[#This Row],[Calculated_LOS]]="","Missing",IF(tblEncounters5[[#This Row],[Calculated_LOS]]=tblEncounters5[[#This Row],[LOS_Days]],"Match","Mismatch")) -> Match | AB22: =IF(COUNTIF(tblEncounters[Hospital_ID],tblEncounters5[[#This Row],[Hospital_ID]])=1,"Valid","Invalid") -> Invalid | AC22: =IF(tblEncounters5[[#This Row],[Age]]="","Missing Age",IF(OR(tblEncounters5[[#This Row],[Age]]<18,tblEncounters5[[#This Row],[Age]]>100),"Invalid Age",IF(tblEncounters5[[#This Row],[Department]]="","Missing Department",IF(tblEncounters5[[#This Row],[Documentation_Complete]]="","Missing Documentation",IF(tblEncounters5[[#This Row],[LOS_Days]]<0,"Invalid LOS",IF(tblEncounters5[[#This Row],[Duplicate_Encounter_Flag]]="Duplicate","Duplicate Encounter","No Issue")))))) -> No Issue
A23: E0022 | B23: P0022 | C23: H002 | D23: 56 | E23: =IF(tblEncounters5[[#This Row],[Age]]<30,"18-29",IF(tblEncounters5[[#This Row],[Age]]<45,"30-44",IF(tblEncounters5[[#This Row],[Age]]<60,"45-59",IF(tblEncounters5[[#This Row],[Age]]<75,"60-74","75+")))) -> 45-59 | F23: Female | G23: Orthopaedics | H23: Planned | I23: 46093 | J23: =tblEncounters5[[#This Row],[Admission_Date]]+RANDBETWEEN(1,12) -> 46094 | K23: =tblEncounters5[[#This Row],[Discharge_Date]]-tblEncounters5[[#This Row],[Admission_Date]] -> 1 | L23: No | M23: Rehabilitation | N23: Yes | O23: No | P23: No | Q23: =_xlfn.XLOOKUP(tblEncounters5[[#This Row],[Hospital_ID]],Table1[Hospital_ID],Table1[Hospital_Name],"Not Found") -> Aurora Medical Centre | R23: =_xlfn.XLOOKUP(tblEncounters5[[#This Row],[Hospital_ID]],Table1[Hospital_ID],Table1[Country],"Not Found") -> Netherland | S23: =_xlfn.XLOOKUP(tblEncounters5[[#This Row],[Hospital_ID]],Table1[Hospital_ID],Table1[FHIR_Enabled],"Not Found") -> Yes | T23: =IF(OR(tblEncounters5[[#This Row],[Age]]="",tblEncounters5[[#This Row],[Age]]<18,tblEncounters5[[#This Row],[Age]]>100,tblEncounters5[[#This Row],[Department]]="",tblEncounters5[[#This Row],[Documentation_Complete]]="",tblEncounters5[[#This Row],[LOS_Days]]<0),"Review","OK") -> OK | U23: =IF(COUNTIF(tblEncounters5[[#All],[Encounter_ID]],tblEncounters5[[#This Row],[Encounter_ID]])>1,"Duplicate","Unique") -> Unique | V23: =PROPER(TRIM(tblEncounters5[[#This Row],[Department]])) -> Orthopaedics | W23: =IF(LOWER(TRIM(tblEncounters5[[#This Row],[Sex]]))="male","Male",IF(LOWER(TRIM(tblEncounters5[[#This Row],[Sex]]))="female","Female","Review")) -> Female | X23: =IF(OR(LOWER(TRIM(tblEncounters5[[#This Row],[Admission_Type]]))="emergency",LOWER(TRIM(tblEncounters5[[#This Row],[Admission_Type]]))="emerg"),"Emergency",IF(LOWER(TRIM(tblEncounters5[[#This Row],[Admission_Type]]))="planned","Planned","Review")) -> Planned | Y23: =IF(tblEncounters5[[#This Row],[Discharge_Date]]="","Missing Discharge",IF(tblEncounters5[[#This Row],[Discharge_Date]]<tblEncounters5[[#This Row],[Admission_Date]],"Invalid Date","OK")) -> OK | Z23: =IF(OR(tblEncounters5[[#This Row],[Admission_Date]]="",tblEncounters5[[#This Row],[Discharge_Date]]=""),"",tblEncounters5[[#This Row],[Discharge_Date]]-tblEncounters5[[#This Row],[Admission_Date]]) -> 1 | AA23: =IF(tblEncounters5[[#This Row],[Calculated_LOS]]="","Missing",IF(tblEncounters5[[#This Row],[Calculated_LOS]]=tblEncounters5[[#This Row],[LOS_Days]],"Match","Mismatch")) -> Match | AB23: =IF(COUNTIF(tblEncounters[Hospital_ID],tblEncounters5[[#This Row],[Hospital_ID]])=1,"Valid","Invalid") -> Invalid | AC23: =IF(tblEncounters5[[#This Row],[Age]]="","Missing Age",IF(OR(tblEncounters5[[#This Row],[Age]]<18,tblEncounters5[[#This Row],[Age]]>100),"Invalid Age",IF(tblEncounters5[[#This Row],[Department]]="","Missing Department",IF(tblEncounters5[[#This Row],[Documentation_Complete]]="","Missing Documentation",IF(tblEncounters5[[#This Row],[LOS_Days]]<0,"Invalid LOS",IF(tblEncounters5[[#This Row],[Duplicate_Encounter_Flag]]="Duplicate","Duplicate Encounter","No Issue")))))) -> No Issue
A24: E0023 | B24: P0023 | C24: H003 | D24: 85 | E24: =IF(tblEncounters5[[#This Row],[Age]]<30,"18-29",IF(tblEncounters5[[#This Row],[Age]]<45,"30-44",IF(tblEncounters5[[#This Row],[Age]]<60,"45-59",IF(tblEncounters5[[#This Row],[Age]]<75,"60-74","75+")))) -> 75+ | F24: Female | G24: Psychiatry | H24: Emergency | I24: 46025 | J24: =tblEncounters5[[#This Row],[Admission_Date]]+RANDBETWEEN(1,12) -> 46027 | K24: =tblEncounters5[[#This Row],[Discharge_Date]]-tblEncounters5[[#This Row],[Admission_Date]] -> 2 | L24: No | M24: Another Hospital | N24: Yes | O24: No | P24: No | Q24: =_xlfn.XLOOKUP(tblEncounters5[[#This Row],[Hospital_ID]],Table1[Hospital_ID],Table1[Hospital_Name],"Not Found") -> Helis General Hospital | R24: =_xlfn.XLOOKUP(tblEncounters5[[#This Row],[Hospital_ID]],Table1[Hospital_ID],Table1[Country],"Not Found") -> Austria | S24: =_xlfn.XLOOKUP(tblEncounters5[[#This Row],[Hospital_ID]],Table1[Hospital_ID],Table1[FHIR_Enabled],"Not Found") -> Partial | T24: =IF(OR(tblEncounters5[[#This Row],[Age]]="",tblEncounters5[[#This Row],[Age]]<18,tblEncounters5[[#This Row],[Age]]>100,tblEncounters5[[#This Row],[Department]]="",tblEncounters5[[#This Row],[Documentation_Complete]]="",tblEncounters5[[#This Row],[LOS_Days]]<0),"Review","OK") -> OK | U24: =IF(COUNTIF(tblEncounters5[[#All],[Encounter_ID]],tblEncounters5[[#This Row],[Encounter_ID]])>1,"Duplicate","Unique") -> Unique | V24: =PROPER(TRIM(tblEncounters5[[#This Row],[Department]])) -> Psychiatry | W24: =IF(LOWER(TRIM(tblEncounters5[[#This Row],[Sex]]))="male","Male",IF(LOWER(TRIM(tblEncounters5[[#This Row],[Sex]]))="female","Female","Review")) -> Female | X24: =IF(OR(LOWER(TRIM(tblEncounters5[[#This Row],[Admission_Type]]))="emergency",LOWER(TRIM(tblEncounters5[[#This Row],[Admission_Type]]))="emerg"),"Emergency",IF(LOWER(TRIM(tblEncounters5[[#This Row],[Admission_Type]]))="planned","Planned","Review")) -> Emergency | Y24: =IF(tblEncounters5[[#This Row],[Discharge_Date]]="","Missing Discharge",IF(tblEncounters5[[#This Row],[Discharge_Date]]<tblEncounters5[[#This Row],[Admission_Date]],"Invalid Date","OK")) -> OK | Z24: =IF(OR(tblEncounters5[[#This Row],[Admission_Date]]="",tblEncounters5[[#This Row],[Discharge_Date]]=""),"",tblEncounters5[[#This Row],[Discharge_Date]]-tblEncounters5[[#This Row],[Admission_Date]]) -> 2 | AA24: =IF(tblEncounters5[[#This Row],[Calculated_LOS]]="","Missing",IF(tblEncounters5[[#This Row],[Calculated_LOS]]=tblEncounters5[[#This Row],[LOS_Days]],"Match","Mismatch")) -> Match | AB24: =IF(COUNTIF(tblEncounters[Hospital_ID],tblEncounters5[[#This Row],[Hospital_ID]])=1,"Valid","Invalid") -> Invalid | AC24: =IF(tblEncounters5[[#This Row],[Age]]="","Missing Age",IF(OR(tblEncounters5[[#This Row],[Age]]<18,tblEncounters5[[#This Row],[Age]]>100),"Invalid Age",IF(tblEncounters5[[#This Row],[Department]]="","Missing Department",IF(tblEncounters5[[#This Row],[Documentation_Complete]]="","Missing Documentation",IF(tblEncounters5[[#This Row],[LOS_Days]]<0,"Invalid LOS",IF(tblEncounters5[[#This Row],[Duplicate_Encounter_Flag]]="Duplicate","Duplicate Encounter","No Issue")))))) -> No Issue
A25: E0024 | B25: P0024 | C25: H004 | D25: 49 | E25: =IF(tblEncounters5[[#This Row],[Age]]<30,"18-29",IF(tblEncounters5[[#This Row],[Age]]<45,"30-44",IF(tblEncounters5[[#This Row],[Age]]<60,"45-59",IF(tblEncounters5[[#This Row],[Age]]<75,"60-74","75+")))) -> 45-59 | F25: MALE | G25: General Surgery | H25: Planned | I25: 46071 | J25: =tblEncounters5[[#This Row],[Admission_Date]]+RANDBETWEEN(1,12) -> 46072 | K25: =tblEncounters5[[#This Row],[Discharge_Date]]-tblEncounters5[[#This Row],[Admission_Date]] -> 1 | L25: No | M25: Nursing Facility | N25: No | O25: No | P25: No | Q25: =_xlfn.XLOOKUP(tblEncounters5[[#This Row],[Hospital_ID]],Table1[Hospital_ID],Table1[Hospital_Name],"Not Found") -> St. Clara Medical Centre | R25: =_xlfn.XLOOKUP(tblEncounters5[[#This Row],[Hospital_ID]],Table1[Hospital_ID],Table1[Country],"Not Found") -> France | S25: =_xlfn.XLOOKUP(tblEncounters5[[#This Row],[Hospital_ID]],Table1[Hospital_ID],Table1[FHIR_Enabled],"Not Found") -> Yes | T25: =IF(OR(tblEncounters5[[#This Row],[Age]]="",tblEncounters5[[#This Row],[Age]]<18,tblEncounters5[[#This Row],[Age]]>100,tblEncounters5[[#This Row],[Department]]="",tblEncounters5[[#This Row],[Documentation_Complete]]="",tblEncounters5[[#This Row],[LOS_Days]]<0),"Review","OK") -> OK | U25: =IF(COUNTIF(tblEncounters5[[#All],[Encounter_ID]],tblEncounters5[[#This Row],[Encounter_ID]])>1,"Duplicate","Unique") -> Unique | V25: =PROPER(TRIM(tblEncounters5[[#This Row],[Department]])) -> General Surgery | W25: =IF(LOWER(TRIM(tblEncounters5[[#This Row],[Sex]]))="male","Male",IF(LOWER(TRIM(tblEncounters5[[#This Row],[Sex]]))="female","Female","Review")) -> Male | X25: =IF(OR(LOWER(TRIM(tblEncounters5[[#This Row],[Admission_Type]]))="emergency",LOWER(TRIM(tblEncounters5[[#This Row],[Admission_Type]]))="emerg"),"Emergency",IF(LOWER(TRIM(tblEncounters5[[#This Row],[Admission_Type]]))="planned","Planned","Review")) -> Planned | Y25: =IF(tblEncounters5[[#This Row],[Discharge_Date]]="","Missing Discharge",IF(tblEncounters5[[#This Row],[Discharge_Date]]<tblEncounters5[[#This Row],[Admission_Date]],"Invalid Date","OK")) -> OK | Z25: =IF(OR(tblEncounters5[[#This Row],[Admission_Date]]="",tblEncounters5[[#This Row],[Discharge_Date]]=""),"",tblEncounters5[[#This Row],[Discharge_Date]]-tblEncounters5[[#This Row],[Admission_Date]]) -> 1 | AA25: =IF(tblEncounters5[[#This Row],[Calculated_LOS]]="","Missing",IF(tblEncounters5[[#This Row],[Calculated_LOS]]=tblEncounters5[[#This Row],[LOS_Days]],"Match","Mismatch")) -> Match | AB25: =IF(COUNTIF(tblEncounters[Hospital_ID],tblEncounters5[[#This Row],[Hospital_ID]])=1,"Valid","Invalid") -> Invalid | AC25: =IF(tblEncounters5[[#This Row],[Age]]="","Missing Age",IF(OR(tblEncounters5[[#This Row],[Age]]<18,tblEncounters5[[#This Row],[Age]]>100),"Invalid Age",IF(tblEncounters5[[#This Row],[Department]]="","Missing Department",IF(tblEncounters5[[#This Row],[Documentation_Complete]]="","Missing Documentation",IF(tblEncounters5[[#This Row],[LOS_Days]]<0,"Invalid LOS",IF(tblEncounters5[[#This Row],[Duplicate_Encounter_Flag]]="Duplicate","Duplicate Encounter","No Issue")))))) -> No Issue
A26: E0025 | B26: P0025 | C26: H005 | D26: 25 | E26: =IF(tblEncounters5[[#This Row],[Age]]<30,"18-29",IF(tblEncounters5[[#This Row],[Age]]<45,"30-44",IF(tblEncounters5[[#This Row],[Age]]<60,"45-59",IF(tblEncounters5[[#This Row],[Age]]<75,"60-74","75+")))) -> 18-29 | F26: Female | G26: General Medicine | H26: Emergency | I26: 46100 | J26: =tblEncounters5[[#This Row],[Admission_Date]]+RANDBETWEEN(1,12) -> 46104 | K26: =tblEncounters5[[#This Row],[Discharge_Date]]-tblEncounters5[[#This Row],[Admission_Date]] -> 4 | L26: No | M26: Against Medical Advice | N26: Yes | O26: No | P26: No | Q26: =_xlfn.XLOOKUP(tblEncounters5[[#This Row],[Hospital_ID]],Table1[Hospital_ID],Table1[Hospital_Name],"Not Found") -> Europa Health Institute | R26: =_xlfn.XLOOKUP(tblEncounters5[[#This Row],[Hospital_ID]],Table1[Hospital_ID],Table1[Country],"Not Found") -> Belgium | S26: =_xlfn.XLOOKUP(tblEncounters5[[#This Row],[Hospital_ID]],Table1[Hospital_ID],Table1[FHIR_Enabled],"Not Found") -> Yes | T26: =IF(OR(tblEncounters5[[#This Row],[Age]]="",tblEncounters5[[#This Row],[Age]]<18,tblEncounters5[[#This Row],[Age]]>100,tblEncounters5[[#This Row],[Department]]="",tblEncounters5[[#This Row],[Documentation_Complete]]="",tblEncounters5[[#This Row],[LOS_Days]]<0),"Review","OK") -> OK | U26: =IF(COUNTIF(tblEncounters5[[#All],[Encounter_ID]],tblEncounters5[[#This Row],[Encounter_ID]])>1,"Duplicate","Unique") -> Unique | V26: =PROPER(TRIM(tblEncounters5[[#This Row],[Department]])) -> General Medicine | W26: =IF(LOWER(TRIM(tblEncounters5[[#This Row],[Sex]]))="male","Male",IF(LOWER(TRIM(tblEncounters5[[#This Row],[Sex]]))="female","Female","Review")) -> Female | X26: =IF(OR(LOWER(TRIM(tblEncounters5[[#This Row],[Admission_Type]]))="emergency",LOWER(TRIM(tblEncounters5[[#This Row],[Admission_Type]]))="emerg"),"Emergency",IF(LOWER(TRIM(tblEncounters5[[#This Row],[Admission_Type]]))="planned","Planned","Review")) -> Emergency | Y26: =IF(tblEncounters5[[#This Row],[Discharge_Date]]="","Missing Discharge",IF(tblEncounters5[[#This Row],[Discharge_Date]]<tblEncounters5[[#This Row],[Admission_Date]],"Invalid Date","OK")) -> OK | Z26: =IF(OR(tblEncounters5[[#This Row],[Admission_Date]]="",tblEncounters5[[#This Row],[Discharge_Date]]=""),"",tblEncounters5[[#This Row],[Discharge_Date]]-tblEncounters5[[#This Row],[Admission_Date]]) -> 4 | AA26: =IF(tblEncounters5[[#This Row],[Calculated_LOS]]="","Missing",IF(tblEncounters5[[#This Row],[Calculated_LOS]]=tblEncounters5[[#This Row],[LOS_Days]],"Match","Mismatch")) -> Match | AB26: =IF(COUNTIF(tblEncounters[Hospital_ID],tblEncounters5[[#This Row],[Hospital_ID]])=1,"Valid","Invalid") -> Invalid | AC26: =IF(tblEncounters5[[#This Row],[Age]]="","Missing Age",IF(OR(tblEncounters5[[#This Row],[Age]]<18,tblEncounters5[[#This Row],[Age]]>100),"Invalid Age",IF(tblEncounters5[[#This Row],[Department]]="","Missing Department",IF(tblEncounters5[[#This Row],[Documentation_Complete]]="","Missing Documentation",IF(tblEncounters5[[#This Row],[LOS_Days]]<0,"Invalid LOS",IF(tblEncounters5[[#This Row],[Duplicate_Encounter_Flag]]="Duplicate","Duplicate Encounter","No Issue")))))) -> No Issue
A27: E0026 | B27: P0026 | C27: H006 | D27: 45 | E27: =IF(tblEncounters5[[#This Row],[Age]]<30,"18-29",IF(tblEncounters5[[#This Row],[Age]]<45,"30-44",IF(tblEncounters5[[#This Row],[Age]]<60,"45-59",IF(tblEncounters5[[#This Row],[Age]]<75,"60-74","75+")))) -> 45-59 | F27: Male | G27: Cardiology | H27: Planned | I27: 46041 | J27: =tblEncounters5[[#This Row],[Admission_Date]]+RANDBETWEEN(1,12) -> 46046 | K27: =tblEncounters5[[#This Row],[Discharge_Date]]-tblEncounters5[[#This Row],[Admission_Date]] -> 5 | L27: No | M27: Home | N27: Yes | O27: No | P27: Yes | Q27: =_xlfn.XLOOKUP(tblEncounters5[[#This Row],[Hospital_ID]],Table1[Hospital_ID],Table1[Hospital_Name],"Not Found") -> Marbel General Hospital | R27: =_xlfn.XLOOKUP(tblEncounters5[[#This Row],[Hospital_ID]],Table1[Hospital_ID],Table1[Country],"Not Found") -> Sweden | S27: =_xlfn.XLOOKUP(tblEncounters5[[#This Row],[Hospital_ID]],Table1[Hospital_ID],Table1[FHIR_Enabled],"Not Found") -> Yes | T27: =IF(OR(tblEncounters5[[#This Row],[Age]]="",tblEncounters5[[#This Row],[Age]]<18,tblEncounters5[[#This Row],[Age]]>100,tblEncounters5[[#This Row],[Department]]="",tblEncounters5[[#This Row],[Documentation_Complete]]="",tblEncounters5[[#This Row],[LOS_Days]]<0),"Review","OK") -> OK | U27: =IF(COUNTIF(tblEncounters5[[#All],[Encounter_ID]],tblEncounters5[[#This Row],[Encounter_ID]])>1,"Duplicate","Unique") -> Unique | V27: =PROPER(TRIM(tblEncounters5[[#This Row],[Department]])) -> Cardiology | W27: =IF(LOWER(TRIM(tblEncounters5[[#This Row],[Sex]]))="male","Male",IF(LOWER(TRIM(tblEncounters5[[#This Row],[Sex]]))="female","Female","Review")) -> Male | X27: =IF(OR(LOWER(TRIM(tblEncounters5[[#This Row],[Admission_Type]]))="emergency",LOWER(TRIM(tblEncounters5[[#This Row],[Admission_Type]]))="emerg"),"Emergency",IF(LOWER(TRIM(tblEncounters5[[#This Row],[Admission_Type]]))="planned","Planned","Review")) -> Planned | Y27: =IF(tblEncounters5[[#This Row],[Discharge_Date]]="","Missing Discharge",IF(tblEncounters5[[#This Row],[Discharge_Date]]<tblEncounters5[[#This Row],[Admission_Date]],"Invalid Date","OK")) -> OK | Z27: =IF(OR(tblEncounters5[[#This Row],[Admission_Date]]="",tblEncounters5[[#This Row],[Discharge_Date]]=""),"",tblEncounters5[[#This Row],[Discharge_Date]]-tblEncounters5[[#This Row],[Admission_Date]]) -> 5 | AA27: =IF(tblEncounters5[[#This Row],[Calculated_LOS]]="","Missing",IF(tblEncounters5[[#This Row],[Calculated_LOS]]=tblEncounters5[[#This Row],[LOS_Days]],"Match","Mismatch")) -> Match | AB27: =IF(COUNTIF(tblEncounters[Hospital_ID],tblEncounters5[[#This Row],[Hospital_ID]])=1,"Valid","Invalid") -> Invalid | AC27: =IF(tblEncounters5[[#This Row],[Age]]="","Missing Age",IF(OR(tblEncounters5[[#This Row],[Age]]<18,tblEncounters5[[#This Row],[Age]]>100),"Invalid Age",IF(tblEncounters5[[#This Row],[Department]]="","Missing Department",IF(tblEncounters5[[#This Row],[Documentation_Complete]]="","Missing Documentation",IF(tblEncounters5[[#This Row],[LOS_Days]]<0,"Invalid LOS",IF(tblEncounters5[[#This Row],[Duplicate_Encounter_Flag]]="Duplicate","Duplicate Encounter","No Issue")))))) -> No Issue
A28: E0027 | B28: P0027 | C28: H007 | D28: 48 | E28: =IF(tblEncounters5[[#This Row],[Age]]<30,"18-29",IF(tblEncounters5[[#This Row],[Age]]<45,"30-44",IF(tblEncounters5[[#This Row],[Age]]<60,"45-59",IF(tblEncounters5[[#This Row],[Age]]<75,"60-74","75+")))) -> 45-59 | F28: Female | G28: Neurology | H28: Emergency | I28: 46079 | J28: =tblEncounters5[[#This Row],[Admission_Date]]+RANDBETWEEN(1,12) -> 46087 | K28: =tblEncounters5[[#This Row],[Discharge_Date]]-tblEncounters5[[#This Row],[Admission_Date]] -> 8 | L28: Yes | M28: Rehabilitation | N28: Yes | O28: Yes | P28: Yes | Q28: =_xlfn.XLOOKUP(tblEncounters5[[#This Row],[Hospital_ID]],Table1[Hospital_ID],Table1[Hospital_Name],"Not Found") -> Helix Medical Centre | R28: =_xlfn.XLOOKUP(tblEncounters5[[#This Row],[Hospital_ID]],Table1[Hospital_ID],Table1[Country],"Not Found") -> Denmark | S28: =_xlfn.XLOOKUP(tblEncounters5[[#This Row],[Hospital_ID]],Table1[Hospital_ID],Table1[FHIR_Enabled],"Not Found") -> Partial | T28: =IF(OR(tblEncounters5[[#This Row],[Age]]="",tblEncounters5[[#This Row],[Age]]<18,tblEncounters5[[#This Row],[Age]]>100,tblEncounters5[[#This Row],[Department]]="",tblEncounters5[[#This Row],[Documentation_Complete]]="",tblEncounters5[[#This Row],[LOS_Days]]<0),"Review","OK") -> OK | U28: =IF(COUNTIF(tblEncounters5[[#All],[Encounter_ID]],tblEncounters5[[#This Row],[Encounter_ID]])>1,"Duplicate","Unique") -> Unique | V28: =PROPER(TRIM(tblEncounters5[[#This Row],[Department]])) -> Neurology | W28: =IF(LOWER(TRIM(tblEncounters5[[#This Row],[Sex]]))="male","Male",IF(LOWER(TRIM(tblEncounters5[[#This Row],[Sex]]))="female","Female","Review")) -> Female | X28: =IF(OR(LOWER(TRIM(tblEncounters5[[#This Row],[Admission_Type]]))="emergency",LOWER(TRIM(tblEncounters5[[#This Row],[Admission_Type]]))="emerg"),"Emergency",IF(LOWER(TRIM(tblEncounters5[[#This Row],[Admission_Type]]))="planned","Planned","Review")) -> Emergency | Y28: =IF(tblEncounters5[[#This Row],[Discharge_Date]]="","Missing Discharge",IF(tblEncounters5[[#This Row],[Discharge_Date]]<tblEncounters5[[#This Row],[Admission_Date]],"Invalid Date","OK")) -> OK | Z28: =IF(OR(tblEncounters5[[#This Row],[Admission_Date]]="",tblEncounters5[[#This Row],[Discharge_Date]]=""),"",tblEncounters5[[#This Row],[Discharge_Date]]-tblEncounters5[[#This Row],[Admission_Date]]) -> 8 | AA28: =IF(tblEncounters5[[#This Row],[Calculated_LOS]]="","Missing",IF(tblEncounters5[[#This Row],[Calculated_LOS]]=tblEncounters5[[#This Row],[LOS_Days]],"Match","Mismatch")) -> Match | AB28: =IF(COUNTIF(tblEncounters[Hospital_ID],tblEncounters5[[#This Row],[Hospital_ID]])=1,"Valid","Invalid") -> Invalid | AC28: =IF(tblEncounters5[[#This Row],[Age]]="","Missing Age",IF(OR(tblEncounters5[[#This Row],[Age]]<18,tblEncounters5[[#This Row],[Age]]>100),"Invalid Age",IF(tblEncounters5[[#This Row],[Department]]="","Missing Department",IF(tblEncounters5[[#This Row],[Documentation_Complete]]="","Missing Documentation",IF(tblEncounters5[[#This Row],[LOS_Days]]<0,"Invalid LOS",IF(tblEncounters5[[#This Row],[Duplicate_Encounter_Flag]]="Duplicate","Duplicate Encounter","No Issue")))))) -> No Issue
A29: E0028 | B29: P0028 | C29: H008 | D29: 53 | E29: =IF(tblEncounters5[[#This Row],[Age]]<30,"18-29",IF(tblEncounters5[[#This Row],[Age]]<45,"30-44",IF(tblEncounters5[[#This Row],[Age]]<60,"45-59",IF(tblEncounters5[[#This Row],[Age]]<75,"60-74","75+")))) -> 45-59 | F29: Female | G29: Orthopaedics | H29: Planned | I29: 46052 | J29: =tblEncounters5[[#This Row],[Admission_Date]]+RANDBETWEEN(1,12) -> 46057 | K29: =tblEncounters5[[#This Row],[Discharge_Date]]-tblEncounters5[[#This Row],[Admission_Date]] -> 5 | L29: No | M29: Another Hospital | N29: Yes | O29: No | P29: No | Q29: =_xlfn.XLOOKUP(tblEncounters5[[#This Row],[Hospital_ID]],Table1[Hospital_ID],Table1[Hospital_Name],"Not Found") -> St.Aldric University Hospital | R29: =_xlfn.XLOOKUP(tblEncounters5[[#This Row],[Hospital_ID]],Table1[Hospital_ID],Table1[Country],"Not Found") -> Finland | S29: =_xlfn.XLOOKUP(tblEncounters5[[#This Row],[Hospital_ID]],Table1[Hospital_ID],Table1[FHIR_Enabled],"Not Found") -> Yes | T29: =IF(OR(tblEncounters5[[#This Row],[Age]]="",tblEncounters5[[#This Row],[Age]]<18,tblEncounters5[[#This Row],[Age]]>100,tblEncounters5[[#This Row],[Department]]="",tblEncounters5[[#This Row],[Documentation_Complete]]="",tblEncounters5[[#This Row],[LOS_Days]]<0),"Review","OK") -> OK | U29: =IF(COUNTIF(tblEncounters5[[#All],[Encounter_ID]],tblEncounters5[[#This Row],[Encounter_ID]])>1,"Duplicate","Unique") -> Unique | V29: =PROPER(TRIM(tblEncounters5[[#This Row],[Department]])) -> Orthopaedics | W29: =IF(LOWER(TRIM(tblEncounters5[[#This Row],[Sex]]))="male","Male",IF(LOWER(TRIM(tblEncounters5[[#This Row],[Sex]]))="female","Female","Review")) -> Female | X29: =IF(OR(LOWER(TRIM(tblEncounters5[[#This Row],[Admission_Type]]))="emergency",LOWER(TRIM(tblEncounters5[[#This Row],[Admission_Type]]))="emerg"),"Emergency",IF(LOWER(TRIM(tblEncounters5[[#This Row],[Admission_Type]]))="planned","Planned","Review")) -> Planned | Y29: =IF(tblEncounters5[[#This Row],[Discharge_Date]]="","Missing Discharge",IF(tblEncounters5[[#This Row],[Discharge_Date]]<tblEncounters5[[#This Row],[Admission_Date]],"Invalid Date","OK")) -> OK | Z29: =IF(OR(tblEncounters5[[#This Row],[Admission_Date]]="",tblEncounters5[[#This Row],[Discharge_Date]]=""),"",tblEncounters5[[#This Row],[Discharge_Date]]-tblEncounters5[[#This Row],[Admission_Date]]) -> 5 | AA29: =IF(tblEncounters5[[#This Row],[Calculated_LOS]]="","Missing",IF(tblEncounters5[[#This Row],[Calculated_LOS]]=tblEncounters5[[#This Row],[LOS_Days]],"Match","Mismatch")) -> Match | AB29: =IF(COUNTIF(tblEncounters[Hospital_ID],tblEncounters5[[#This Row],[Hospital_ID]])=1,"Valid","Invalid") -> Invalid | AC29: =IF(tblEncounters5[[#This Row],[Age]]="","Missing Age",IF(OR(tblEncounters5[[#This Row],[Age]]<18,tblEncounters5[[#This Row],[Age]]>100),"Invalid Age",IF(tblEncounters5[[#This Row],[Department]]="","Missing Department",IF(tblEncounters5[[#This Row],[Documentation_Complete]]="","Missing Documentation",IF(tblEncounters5[[#This Row],[LOS_Days]]<0,"Invalid LOS",IF(tblEncounters5[[#This Row],[Duplicate_Encounter_Flag]]="Duplicate","Duplicate Encounter","No Issue")))))) -> No Issue
A30: E0029 | B30: P0029 | C30: H009 | D30: 41 | E30: =IF(tblEncounters5[[#This Row],[Age]]<30,"18-29",IF(tblEncounters5[[#This Row],[Age]]<45,"30-44",IF(tblEncounters5[[#This Row],[Age]]<60,"45-59",IF(tblEncounters5[[#This Row],[Age]]<75,"60-74","75+")))) -> 30-44 | F30: MALE | G30: Psychiatry | H30: Emergency | I30: 46087 | J30: =tblEncounters5[[#This Row],[Admission_Date]]+RANDBETWEEN(1,12) -> 46092 | K30: =tblEncounters5[[#This Row],[Discharge_Date]]-tblEncounters5[[#This Row],[Admission_Date]] -> 5 | L30: No | M30: Nursing Facility | N30: Yes | O30: No | P30: No | Q30: =_xlfn.XLOOKUP(tblEncounters5[[#This Row],[Hospital_ID]],Table1[Hospital_ID],Table1[Hospital_Name],"Not Found") -> Clinica Santa Marisol | R30: =_xlfn.XLOOKUP(tblEncounters5[[#This Row],[Hospital_ID]],Table1[Hospital_ID],Table1[Country],"Not Found") -> Spain | S30: =_xlfn.XLOOKUP(tblEncounters5[[#This Row],[Hospital_ID]],Table1[Hospital_ID],Table1[FHIR_Enabled],"Not Found") -> Partial | T30: =IF(OR(tblEncounters5[[#This Row],[Age]]="",tblEncounters5[[#This Row],[Age]]<18,tblEncounters5[[#This Row],[Age]]>100,tblEncounters5[[#This Row],[Department]]="",tblEncounters5[[#This Row],[Documentation_Complete]]="",tblEncounters5[[#This Row],[LOS_Days]]<0),"Review","OK") -> OK | U30: =IF(COUNTIF(tblEncounters5[[#All],[Encounter_ID]],tblEncounters5[[#This Row],[Encounter_ID]])>1,"Duplicate","Unique") -> Unique | V30: =PROPER(TRIM(tblEncounters5[[#This Row],[Department]])) -> Psychiatry | W30: =IF(LOWER(TRIM(tblEncounters5[[#This Row],[Sex]]))="male","Male",IF(LOWER(TRIM(tblEncounters5[[#This Row],[Sex]]))="female","Female","Review")) -> Male | X30: =IF(OR(LOWER(TRIM(tblEncounters5[[#This Row],[Admission_Type]]))="emergency",LOWER(TRIM(tblEncounters5[[#This Row],[Admission_Type]]))="emerg"),"Emergency",IF(LOWER(TRIM(tblEncounters5[[#This Row],[Admission_Type]]))="planned","Planned","Review")) -> Emergency | Y30: =IF(tblEncounters5[[#This Row],[Discharge_Date]]="","Missing Discharge",IF(tblEncounters5[[#This Row],[Discharge_Date]]<tblEncounters5[[#This Row],[Admission_Date]],"Invalid Date","OK")) -> OK | Z30: =IF(OR(tblEncounters5[[#This Row],[Admission_Date]]="",tblEncounters5[[#This Row],[Discharge_Date]]=""),"",tblEncounters5[[#This Row],[Discharge_Date]]-tblEncounters5[[#This Row],[Admission_Date]]) -> 5 | AA30: =IF(tblEncounters5[[#This Row],[Calculated_LOS]]="","Missing",IF(tblEncounters5[[#This Row],[Calculated_LOS]]=tblEncounters5[[#This Row],[LOS_Days]],"Match","Mismatch")) -> Match | AB30: =IF(COUNTIF(tblEncounters[Hospital_ID],tblEncounters5[[#This Row],[Hospital_ID]])=1,"Valid","Invalid") -> Invalid | AC30: =IF(tblEncounters5[[#This Row],[Age]]="","Missing Age",IF(OR(tblEncounters5[[#This Row],[Age]]<18,tblEncounters5[[#This Row],[Age]]>100),"Invalid Age",IF(tblEncounters5[[#This Row],[Department]]="","Missing Department",IF(tblEncounters5[[#This Row],[Documentation_Complete]]="","Missing Documentation",IF(tblEncounters5[[#This Row],[LOS_Days]]<0,"Invalid LOS",IF(tblEncounters5[[#This Row],[Duplicate_Encounter_Flag]]="Duplicate","Duplicate Encounter","No Issue")))))) -> No Issue
A31: E0030 | B31: P0030 | C31: H010 | D31: 26 | E31: =IF(tblEncounters5[[#This Row],[Age]]<30,"18-29",IF(tblEncounters5[[#This Row],[Age]]<45,"30-44",IF(tblEncounters5[[#This Row],[Age]]<60,"45-59",IF(tblEncounters5[[#This Row],[Age]]<75,"60-74","75+")))) -> 18-29 | F31: Female | G31: General Surgery | H31: Planned | I31: 46068 | J31: =tblEncounters5[[#This Row],[Admission_Date]]+RANDBETWEEN(1,12) -> 46080 | K31: =tblEncounters5[[#This Row],[Discharge_Date]]-tblEncounters5[[#This Row],[Admission_Date]] -> 12 | L31: No | M31: Against Medical Advice | N31: Yes | O31: No | P31: No | Q31: =_xlfn.XLOOKUP(tblEncounters5[[#This Row],[Hospital_ID]],Table1[Hospital_ID],Table1[Hospital_Name],"Not Found") -> Nordhavan Regional Medical Centre | R31: =_xlfn.XLOOKUP(tblEncounters5[[#This Row],[Hospital_ID]],Table1[Hospital_ID],Table1[Country],"Not Found") -> Italy | S31: =_xlfn.XLOOKUP(tblEncounters5[[#This Row],[Hospital_ID]],Table1[Hospital_ID],Table1[FHIR_Enabled],"Not Found") -> No | T31: =IF(OR(tblEncounters5[[#This Row],[Age]]="",tblEncounters5[[#This Row],[Age]]<18,tblEncounters5[[#This Row],[Age]]>100,tblEncounters5[[#This Row],[Department]]="",tblEncounters5[[#This Row],[Documentation_Complete]]="",tblEncounters5[[#This Row],[LOS_Days]]<0),"Review","OK") -> OK | U31: =IF(COUNTIF(tblEncounters5[[#All],[Encounter_ID]],tblEncounters5[[#This Row],[Encounter_ID]])>1,"Duplicate","Unique") -> Unique | V31: =PROPER(TRIM(tblEncounters5[[#This Row],[Department]])) -> General Surgery | W31: =IF(LOWER(TRIM(tblEncounters5[[#This Row],[Sex]]))="male","Male",IF(LOWER(TRIM(tblEncounters5[[#This Row],[Sex]]))="female","Female","Review")) -> Female | X31: =IF(OR(LOWER(TRIM(tblEncounters5[[#This Row],[Admission_Type]]))="emergency",LOWER(TRIM(tblEncounters5[[#This Row],[Admission_Type]]))="emerg"),"Emergency",IF(LOWER(TRIM(tblEncounters5[[#This Row],[Admission_Type]]))="planned","Planned","Review")) -> Planned | Y31: =IF(tblEncounters5[[#This Row],[Discharge_Date]]="","Missing Discharge",IF(tblEncounters5[[#This Row],[Discharge_Date]]<tblEncounters5[[#This Row],[Admission_Date]],"Invalid Date","OK")) -> OK | Z31: =IF(OR(tblEncounters5[[#This Row],[Admission_Date]]="",tblEncounters5[[#This Row],[Discharge_Date]]=""),"",tblEncounters5[[#This Row],[Discharge_Date]]-tblEncounters5[[#This Row],[Admission_Date]]) -> 12 | AA31: =IF(tblEncounters5[[#This Row],[Calculated_LOS]]="","Missing",IF(tblEncounters5[[#This Row],[Calculated_LOS]]=tblEncounters5[[#This Row],[LOS_Days]],"Match","Mismatch")) -> Match | AB31: =IF(COUNTIF(tblEncounters[Hospital_ID],tblEncounters5[[#This Row],[Hospital_ID]])=1,"Valid","Invalid") -> Invalid | AC31: =IF(tblEncounters5[[#This Row],[Age]]="","Missing Age",IF(OR(tblEncounters5[[#This Row],[Age]]<18,tblEncounters5[[#This Row],[Age]]>100),"Invalid Age",IF(tblEncounters5[[#This Row],[Department]]="","Missing Department",IF(tblEncounters5[[#This Row],[Documentation_Complete]]="","Missing Documentation",IF(tblEncounters5[[#This Row],[LOS_Days]]<0,"Invalid LOS",IF(tblEncounters5[[#This Row],[Duplicate_Encounter_Flag]]="Duplicate","Duplicate Encounter","No Issue")))))) -> No Issue
A32: E0031 | B32: P0031 | C32: H001 | D32: 48 | E32: =IF(tblEncounters5[[#This Row],[Age]]<30,"18-29",IF(tblEncounters5[[#This Row],[Age]]<45,"30-44",IF(tblEncounters5[[#This Row],[Age]]<60,"45-59",IF(tblEncounters5[[#This Row],[Age]]<75,"60-74","75+")))) -> 45-59 | F32: Male | G32: General Medicine | H32: Emergency | I32: 46063 | J32: =tblEncounters5[[#This Row],[Admission_Date]]+RANDBETWEEN(1,12) -> 46068 | K32: =tblEncounters5[[#This Row],[Discharge_Date]]-tblEncounters5[[#This Row],[Admission_Date]] -> 5 | L32: Yes | M32: Home | N32: Yes | O32: No | P32: No | Q32: =_xlfn.XLOOKUP(tblEncounters5[[#This Row],[Hospital_ID]],Table1[Hospital_ID],Table1[Hospital_Name],"Not Found") -> Nova Medical Centre | R32: =_xlfn.XLOOKUP(tblEncounters5[[#This Row],[Hospital_ID]],Table1[Hospital_ID],Table1[Country],"Not Found") -> Germany | S32: =_xlfn.XLOOKUP(tblEncounters5[[#This Row],[Hospital_ID]],Table1[Hospital_ID],Table1[FHIR_Enabled],"Not Found") -> Yes | T32: =IF(OR(tblEncounters5[[#This Row],[Age]]="",tblEncounters5[[#This Row],[Age]]<18,tblEncounters5[[#This Row],[Age]]>100,tblEncounters5[[#This Row],[Department]]="",tblEncounters5[[#This Row],[Documentation_Complete]]="",tblEncounters5[[#This Row],[LOS_Days]]<0),"Review","OK") -> OK | U32: =IF(COUNTIF(tblEncounters5[[#All],[Encounter_ID]],tblEncounters5[[#This Row],[Encounter_ID]])>1,"Duplicate","Unique") -> Unique | V32: =PROPER(TRIM(tblEncounters5[[#This Row],[Department]])) -> General Medicine | W32: =IF(LOWER(TRIM(tblEncounters5[[#This Row],[Sex]]))="male","Male",IF(LOWER(TRIM(tblEncounters5[[#This Row],[Sex]]))="female","Female","Review")) -> Male | X32: =IF(OR(LOWER(TRIM(tblEncounters5[[#This Row],[Admission_Type]]))="emergency",LOWER(TRIM(tblEncounters5[[#This Row],[Admission_Type]]))="emerg"),"Emergency",IF(LOWER(TRIM(tblEncounters5[[#This Row],[Admission_Type]]))="planned","Planned","Review")) -> Emergency | Y32: =IF(tblEncounters5[[#This Row],[Discharge_Date]]="","Missing Discharge",IF(tblEncounters5[[#This Row],[Discharge_Date]]<tblEncounters5[[#This Row],[Admission_Date]],"Invalid Date","OK")) -> OK | Z32: =IF(OR(tblEncounters5[[#This Row],[Admission_Date]]="",tblEncounters5[[#This Row],[Discharge_Date]]=""),"",tblEncounters5[[#This Row],[Discharge_Date]]-tblEncounters5[[#This Row],[Admission_Date]]) -> 5 | AA32: =IF(tblEncounters5[[#This Row],[Calculated_LOS]]="","Missing",IF(tblEncounters5[[#This Row],[Calculated_LOS]]=tblEncounters5[[#This Row],[LOS_Days]],"Match","Mismatch")) -> Match | AB32: =IF(COUNTIF(tblEncounters[Hospital_ID],tblEncounters5[[#This Row],[Hospital_ID]])=1,"Valid","Invalid") -> Invalid | AC32: =IF(tblEncounters5[[#This Row],[Age]]="","Missing Age",IF(OR(tblEncounters5[[#This Row],[Age]]<18,tblEncounters5[[#This Row],[Age]]>100),"Invalid Age",IF(tblEncounters5[[#This Row],[Department]]="","Missing Department",IF(tblEncounters5[[#This Row],[Documentation_Complete]]="","Missing Documentation",IF(tblEncounters5[[#This Row],[LOS_Days]]<0,"Invalid LOS",IF(tblEncounters5[[#This Row],[Duplicate_Encounter_Flag]]="Duplicate","Duplicate Encounter","No Issue")))))) -> No Issue
A33: E0032 | B33: P0032 | C33: H002 | D33: 66 | E33: =IF(tblEncounters5[[#This Row],[Age]]<30,"18-29",IF(tblEncounters5[[#This Row],[Age]]<45,"30-44",IF(tblEncounters5[[#This Row],[Age]]<60,"45-59",IF(tblEncounters5[[#This Row],[Age]]<75,"60-74","75+")))) -> 60-74 | F33: Female | G33: Cardiology | H33: Planned | I33: 46080 | J33: =tblEncounters5[[#This Row],[Admission_Date]]+RANDBETWEEN(1,12) -> 46084 | K33: =tblEncounters5[[#This Row],[Discharge_Date]]-tblEncounters5[[#This Row],[Admission_Date]] -> 4 | L33: No | M33: Rehabilitation | N33: Yes | O33: No | P33: No | Q33: =_xlfn.XLOOKUP(tblEncounters5[[#This Row],[Hospital_ID]],Table1[Hospital_ID],Table1[Hospital_Name],"Not Found") -> Aurora Medical Centre | R33: =_xlfn.XLOOKUP(tblEncounters5[[#This Row],[Hospital_ID]],Table1[Hospital_ID],Table1[Country],"Not Found") -> Netherland | S33: =_xlfn.XLOOKUP(tblEncounters5[[#This Row],[Hospital_ID]],Table1[Hospital_ID],Table1[FHIR_Enabled],"Not Found") -> Yes | T33: =IF(OR(tblEncounters5[[#This Row],[Age]]="",tblEncounters5[[#This Row],[Age]]<18,tblEncounters5[[#This Row],[Age]]>100,tblEncounters5[[#This Row],[Department]]="",tblEncounters5[[#This Row],[Documentation_Complete]]="",tblEncounters5[[#This Row],[LOS_Days]]<0),"Review","OK") -> OK | U33: =IF(COUNTIF(tblEncounters5[[#All],[Encounter_ID]],tblEncounters5[[#This Row],[Encounter_ID]])>1,"Duplicate","Unique") -> Unique | V33: =PROPER(TRIM(tblEncounters5[[#This Row],[Department]])) -> Cardiology | W33: =IF(LOWER(TRIM(tblEncounters5[[#This Row],[Sex]]))="male","Male",IF(LOWER(TRIM(tblEncounters5[[#This Row],[Sex]]))="female","Female","Review")) -> Female | X33: =IF(OR(LOWER(TRIM(tblEncounters5[[#This Row],[Admission_Type]]))="emergency",LOWER(TRIM(tblEncounters5[[#This Row],[Admission_Type]]))="emerg"),"Emergency",IF(LOWER(TRIM(tblEncounters5[[#This Row],[Admission_Type]]))="planned","Planned","Review")) -> Planned | Y33: =IF(tblEncounters5[[#This Row],[Discharge_Date]]="","Missing Discharge",IF(tblEncounters5[[#This Row],[Discharge_Date]]<tblEncounters5[[#This Row],[Admission_Date]],"Invalid Date","OK")) -> OK | Z33: =IF(OR(tblEncounters5[[#This Row],[Admission_Date]]="",tblEncounters5[[#This Row],[Discharge_Date]]=""),"",tblEncounters5[[#This Row],[Discharge_Date]]-tblEncounters5[[#This Row],[Admission_Date]]) -> 4 | AA33: =IF(tblEncounters5[[#This Row],[Calculated_LOS]]="","Missing",IF(tblEncounters5[[#This Row],[Calculated_LOS]]=tblEncounters5[[#This Row],[LOS_Days]],"Match","Mismatch")) -> Match | AB33: =IF(COUNTIF(tblEncounters[Hospital_ID],tblEncounters5[[#This Row],[Hospital_ID]])=1,"Valid","Invalid") -> Invalid | AC33: =IF(tblEncounters5[[#This Row],[Age]]="","Missing Age",IF(OR(tblEncounters5[[#This Row],[Age]]<18,tblEncounters5[[#This Row],[Age]]>100),"Invalid Age",IF(tblEncounters5[[#This Row],[Department]]="","Missing Department",IF(tblEncounters5[[#This Row],[Documentation_Complete]]="","Missing Documentation",IF(tblEncounters5[[#This Row],[LOS_Days]]<0,"Invalid LOS",IF(tblEncounters5[[#This Row],[Duplicate_Encounter_Flag]]="Duplicate","Duplicate Encounter","No Issue")))))) -> No Issue
... A51: E0015 | B51: P0015 | C51: H005 | D51: 41 | E51: =IF(tblEncounters5[[#This Row],[Age]]<30,"18-29",IF(tblEncounters5[[#This Row],[Age]]<45,"30-44",IF(tblEncounters5[[#This Row],[Age]]<60,"45-59",IF(tblEncounters5[[#This Row],[Age]]<75,"60-74","75+")))) -> 30-44 | F51: Female | G51: Neurology | H51: Emergency | I51: 46090 | J51: =tblEncounters5[[#This Row],[Admission_Date]]+RANDBETWEEN(1,12) -> 46099 | K51: =tblEncounters5[[#This Row],[Discharge_Date]]-tblEncounters5[[#This Row],[Admission_Date]] -> 9 | L51: No | M51: Against Medical Advice | N51: Yes | O51: Yes | P51: No | Q51: =_xlfn.XLOOKUP(tblEncounters5[[#This Row],[Hospital_ID]],Table1[Hospital_ID],Table1[Hospital_Name],"Not Found") -> Europa Health Institute | R51: =_xlfn.XLOOKUP(tblEncounters5[[#This Row],[Hospital_ID]],Table1[Hospital_ID],Table1[Country],"Not Found") -> Belgium | S51: =_xlfn.XLOOKUP(tblEncounters5[[#This Row],[Hospital_ID]],Table1[Hospital_ID],Table1[FHIR_Enabled],"Not Found") -> Yes | T51: =IF(OR(tblEncounters5[[#This Row],[Age]]="",tblEncounters5[[#This Row],[Age]]<18,tblEncounters5[[#This Row],[Age]]>100,tblEncounters5[[#This Row],[Department]]="",tblEncounters5[[#This Row],[Documentation_Complete]]="",tblEncounters5[[#This Row],[LOS_Days]]<0),"Review","OK") -> OK | U51: =IF(COUNTIF(tblEncounters5[[#All],[Encounter_ID]],tblEncounters5[[#This Row],[Encounter_ID]])>1,"Duplicate","Unique") -> Duplicate | V51: =PROPER(TRIM(tblEncounters5[[#This Row],[Department]])) -> Neurology | W51: =IF(LOWER(TRIM(tblEncounters5[[#This Row],[Sex]]))="male","Male",IF(LOWER(TRIM(tblEncounters5[[#This Row],[Sex]]))="female","Female","Review")) -> Female | X51: =IF(OR(LOWER(TRIM(tblEncounters5[[#This Row],[Admission_Type]]))="emergency",LOWER(TRIM(tblEncounters5[[#This Row],[Admission_Type]]))="emerg"),"Emergency",IF(LOWER(TRIM(tblEncounters5[[#This Row],[Admission_Type]]))="planned","Planned","Review")) -> Emergency | Y51: =IF(tblEncounters5[[#This Row],[Discharge_Date]]="","Missing Discharge",IF(tblEncounters5[[#This Row],[Discharge_Date]]<tblEncounters5[[#This Row],[Admission_Date]],"Invalid Date","OK")) -> OK | Z51: =IF(OR(tblEncounters5[[#This Row],[Admission_Date]]="",tblEncounters5[[#This Row],[Discharge_Date]]=""),"",tblEncounters5[[#This Row],[Discharge_Date]]-tblEncounters5[[#This Row],[Admission_Date]]) -> 9 | AA51: =IF(tblEncounters5[[#This Row],[Calculated_LOS]]="","Missing",IF(tblEncounters5[[#This Row],[Calculated_LOS]]=tblEncounters5[[#This Row],[LOS_Days]],"Match","Mismatch")) -> Match | AB51: =IF(COUNTIF(tblEncounters[Hospital_ID],tblEncounters5[[#This Row],[Hospital_ID]])=1,"Valid","Invalid") -> Invalid | AC51: =IF(tblEncounters5[[#This Row],[Age]]="","Missing Age",IF(OR(tblEncounters5[[#This Row],[Age]]<18,tblEncounters5[[#This Row],[Age]]>100),"Invalid Age",IF(tblEncounters5[[#This Row],[Department]]="","Missing Department",IF(tblEncounters5[[#This Row],[Documentation_Complete]]="","Missing Documentation",IF(tblEncounters5[[#This Row],[LOS_Days]]<0,"Invalid LOS",IF(tblEncounters5[[#This Row],[Duplicate_Encounter_Flag]]="Duplicate","Duplicate Encounter","No Issue")))))) -> Duplicate Encounter

Sheet 05_ANALYSIS
A1: Sr | B1: Analyses | C1: Result | E1: Sr | F1: Data_Quality | G1: Result | I1: KPI | J1: Result
A2: 1 | B2: Total encounters | C2: =COUNTA(tblEncounters[Encounter_ID]) -> 50 | E2: 1 | F2: Missing Age | G2: =COUNTBLANK(tblEncounters5[[#All],[Age]]) -> 2 | I2: Total encounters | J2: 50
A3: 2 | B3: Average LOS | C3: =AVERAGE(tblEncounters[LOS_Days]) -> 6.74 | E3: 2 | F3: Missing Department | G3: =COUNTBLANK(tblEncounters5[[#All],[Department]]) -> 2 | I3: Rows requiring review | J3: =COUNTIF(tblEncounters5[[#All],[DQ_Flag]],"Review") -> 9
A4: 3 | B4: Number of emergency admissions | C4: =COUNTIF(tblEncounters[Admission_Type],"Emergency") -> 32 | E4: 3 | F4: Missing Discharge Date | G4: =COUNTBLANK(tblEncounters5[[#All],[Discharge_Date]]) -> 1 | I4: Duplicate Records | J4: 2
A5: 4 | B5: Number of 30-day readmissions | C5: =COUNTIF(tblEncounters[Readmission_30D],"Yes") -> 12 | E5: 4 | F5: Duplicate encounters | G5: =COUNTIF(tblEncounters5[[#All],[Duplicate_Encounter_Flag]],"Duplicate") -> 2 | I5: Missing Age | J5: =COUNTBLANK(tblEncounters5[[#All],[Age]]) -> 2
A6: 5 | B6: Number of incomplete documentation records | C6: =COUNTIF(tblEncounters[Documentation_Complete],"No") -> 3 | E6: 5 | F6: Rows requiring review | G6: =COUNTIF(tblEncounters5[[#All],[DQ_Flag]],"Review") -> 9 | I6: Missing Department | J6: =COUNTBLANK(tblEncounters5[[#All],[Department]]) -> 2
A7: 6 | B7: Number of duplicate-test flags | C7: =COUNTIF(tblEncounters[Duplicate_Test],"Yes") -> 9 | I7: Invalid LOS | J7: 2
A8: 7 | B8: 30-Day Readmission Rate | C8: =COUNTIF(tblEncounters5[[#All],[Readmission_30D]],"Yes")/COUNTA(tblEncounters5[[#All],[Encounter_ID]]) -> 0.23529412 | I8: Portfolio-defined Data Quality Pass Rate | J8: =COUNTIF(tblEncounters5[[#All],[DQ_Flag]],"OK")/COUNTA(tblEncounters5[[#All],[Encounter_ID]]) -> 0.80392157
A12: Sr | B12: Analyses | C12: Result
A13: 1 | B13: Which hospital has the highest average LOS? | C13: Nordhavan Regional Medical Centre
A14: 2 | B14: Which department has the highest LOS? | C14: Neurology
A15: 3 | B15: Which hospital has the highest readmission rate? | C15: Nova Medical Centre
A16: 4 | B16: Which hospital has the poorest documentation completeness? | C16: St. Clara Medical Centre
A17: 5 | B17: Which hospitals show the highest duplicate-testing rate? | C17: =_xlfn.XLOOKUP(tblEncounters6[[#This Row],[Hospital_ID]],Table1[Hospital_ID],Table1[Hospital_Name],"Not Found") -> Marbel General Hospital
A18: 6 | B18: Is duplicate testing higher among hospitals with limited FHIR readiness? | C18: Yes
A19: 7 | B19: Which age group has the longest LOS? | C19: 60-74
A20: 8 | B20: Do emergency patients stay longer than planned admissions? | C20: No
A21: 9 | B21: Which departments require the most referrals? | C21: Psychiatry

Sheet 04_DATA_QUALITY_LOG
A1: Issue_ID | B1: Encounter_ID | C1: Issue_Type | D1: Original_Value | E1: Action_Taken
A2: DQ001 | B2: E0002 | C2: Missing Department | D2: Cardiology | E2: Yes
A3: DQ002 | B3: E0005 | C3: Missing Age | D3: 87 | E3: Yes
A4: DQ003 | B4: E0007 | C4: Missing Documentation | D4: Yes | E4: Yes
A5: DQ004 | B5: E0009 | C5: Invalid LOS | D5: 3 | E5: Yes
A6: DQ005 | B6: E0013 | C6: Missing Age | D6: 40 | E6: Yes
A7: DQ006 | B7: E0015 | C7: Duplicate Encounter | D7: E0015 | E7: Yes
A8: DQ007 | B8: E0018 | C8: Missing Documentation | D8: Yes | E8: Yes
A9: DQ008 | B9: E0020 | C9: Invalid LOS | D9: 7 | E9: Yes
A10: DQ009 | B10: E0042 | C10: Invalid Age | D10: 24 | E10: Yes
A11: DQ010 | B11: E0046 | C11: Invalid Age | D11: 34 | E11: Yes
A12: DQ011 | B12: E0015 | C12: Duplicate Encounter | D12: E0015 | E12: Yes

Sheet 06_PIVOTS
A3: Row Labels | B3: Count of Encounter_ID
A4: Aurora Medical Centre | B4: 5
A5: Clinica Santa Marisol | B5: 5
A6: Europa Health Institute | B6: 5
A7: Helis General Hospital | B7: 5
A8: Helix Medical Centre | B8: 5
A9: Marbel General Hospital | B9: 5
A10: Nordhavan Regional Medical Centre | B10: 5
A11: Nova Medical Centre | B11: 5
A12: St. Clara Medical Centre | B12: 5
A13: St.Aldric University Hospital | B13: 5
A14: Grand Total | B14: 50

Sheet 07-PIVOTS
A3: Row Labels | B3: Average of LOS
A4: Nordhavan Regional Medical Centre | B4: 6.6
A5: St.Aldric University Hospital | B5: 6.4
A6: Europa Health Institute | B6: 6.4
A7: Helix Medical Centre | B7: 6
A8: Nova Medical Centre | B8: 5.4
A9: St. Clara Medical Centre | B9: 5.2
A10: Helis General Hospital | B10: 4.8
A11: Aurora Medical Centre | B11: 4.4
A12: Clinica Santa Marisol | B12: 4.2
A13: Marbel General Hospital | B13: 3.8
A14: Grand Total | B14: 5.32

Sheet 08-PIVOTS
A3: Row Labels | B3: Average of LOS_Days
A4: Neurology | B4: 6.625
A5: General Surgery | B5: 6.5
A6: Cardiology | B6: 5.2222222
A7: General Medicine | B7: 5
A8: Psychiatry | B8: 4.5
A9: Orthopaedics | B9: 4.125
A10: Grand Total | B10: 5.32

Sheet 09-PIVOTS
A3: Row Labels | B3: Count of Encounter_ID | C3: Average of LOS_Days
A4: Emergency | B4: 32 | C4: -1434
A5: Planned | B5: 18 | C5: 5.4444444
A6: Grand Total | B6: 50 | C6: -915.8

Sheet 10-PIVOTS
A3: Count of Encounter_ID | B3: Column Labels
A4: Row Labels | B4: No | C4: Yes | D4: Grand Total
A5: Aurora Medical Centre | B5: 5 | D5: 5
A6: Clinica Santa Marisol | B6: 4 | C6: 1 | D6: 5
A7: Europa Health Institute | B7: 5 | C7: 1 | D7: 6
A8: Helis General Hospital | B8: 2 | C8: 3 | D8: 5
A9: Helix Medical Centre | B9: 2 | C9: 3 | D9: 5
A10: Marbel General Hospital | B10: 5 | D10: 5
A11: Nordhavan Regional Medical Centre | B11: 4 | D11: 4
A12: Nova Medical Centre | B12: 1 | C12: 4 | D12: 5
A13: St. Clara Medical Centre | B13: 5 | D13: 5
A14: St.Aldric University Hospital | B14: 5 | D14: 5
A15: Grand Total | B15: 38 | C15: 12 | D15: 50

Sheet 11-PIVOTS
A3: Count of Encounter_ID | B3: Column Labels
A4: Row Labels | B4: No | C4: Yes | D4: (blank) | E4: Grand Total
A5: Aurora Medical Centre | C5: 5 | E5: 5
A6: Clinica Santa Marisol | C6: 5 | E6: 5
A7: Europa Health Institute | C7: 6 | E7: 6
A8: Helis General Hospital | C8: 5 | E8: 5
A9: Helix Medical Centre | C9: 4 | D9: 1 | E9: 5
A10: Marbel General Hospital | C10: 5 | E10: 5
A11: Nordhavan Regional Medical Centre | B11: 1 | C11: 3 | E11: 4
A12: Nova Medical Centre | C12: 5 | E12: 5
A13: St. Clara Medical Centre | B13: 2 | C13: 3 | E13: 5
A14: St.Aldric University Hospital | C14: 4 | D14: 1 | E14: 5
A15: Grand Total | B15: 3 | C15: 45 | D15: 2 | E15: 50

Sheet 12-PIVOTS
A3: Count of Encounter_ID | B3: Column Labels
A4: Row Labels | B4: No | C4: Yes | D4: Grand Total
A5: No | B5: 4 | D5: 4
A6: Partial | B6: 11 | C6: 4 | D6: 15
A7: Yes | B7: 25 | C7: 6 | D7: 31
A8: Grand Total | B8: 40 | C8: 10 | D8: 50

Sheet 13-PIVOTS
A3: Row Labels | B3: Count of Encounter_ID | C3: Average of LOS_Days
A4: 60-74 | B4: 13 | C4: 6.6923077
A5: 75+ | B5: 9 | C5: 6.1111111
A6: 18-29 | B6: 8 | C6: 5.125
A7: 45-59 | B7: 8 | C7: 5.125
A8: 30-44 | B8: 12 | C8: -3834.5
A9: Grand Total | B9: 50 | C9: -915.8

Sheet 14-PIVOTS
A3: Count of Encounter_ID | B3: Column Labels
A4: Row Labels | B4: No | C4: Yes | D4: Grand Total
A5: Cardiology | C5: 1 | D5: 1
A6: Cardiology | B6: 3 | C6: 3 | D6: 6
A7: Gen Medicine | B7: 1 | D7: 1
A8: General Surgery | C8: 1 | D8: 1
A9: General Medicine | B9: 1 | D9: 1
A10: General Medicine | B10: 2 | C10: 4 | D10: 6
A11: General Surgery | B11: 3 | C11: 4 | D11: 7
A12: NeUrology | B12: 7 | C12: 2 | D12: 9
A13: Orthopaedics | B13: 6 | C13: 2 | D13: 8
A14: Psychiatry | B14: 3 | C14: 5 | D14: 8
A15: (blank) | B15: 2 | D15: 2
A16: Grand Total | B16: 28 | C16: 22 | D16: 50

Sheet 07_DIGITAL_READINESS
A1: Hospital_ID | B1: Hospital_Name | C1: Country | D1: EHR_Adoption_Pct | E1: FHIR_Enabled | F1: SNOMED_CT_Used | G1: LOINC_Used | H1: Patient_Portal | I1: Digital_Training_Pct | J1: EHR_Score | K1: FHIR_Score | L1: SNOMED_Score | M1: LOINC_Score | N1: Portal_Score | O1: Training_Score | P1: Overall_Readiness_Score | Q1: Readiness_Level | R1: Priority_Flag
A2: H006 | B2: {=_xlfn.XLOOKUP(A2,Table1[[#All],[Hospital_ID]],Table1[[#All],[Hospital_Name]])} -> Marbel General Hospital | C2: {=_xlfn.XLOOKUP(A2,Table1[[#All],[Hospital_ID]],Table1[[#All],[Country]])} -> Sweden | D2: {=_xlfn.XLOOKUP(A2,Table1[[#All],[Hospital_ID]],Table1[[#All],[EHR_Adoption_Pct]])} -> 0.97 | E2: {=_xlfn.XLOOKUP(A2,Table1[[#All],[Hospital_ID]],Table1[[#All],[FHIR_Enabled]])} -> Yes | F2: {=_xlfn.XLOOKUP(A2,Table1[[#All],[Hospital_ID]],Table1[[#All],[SNOMED_CT]])} -> Yes | G2: {=_xlfn.XLOOKUP(A2,Table1[[#All],[Hospital_ID]],Table1[[#All],[LOINC]])} -> Yes | H2: {=_xlfn.XLOOKUP(A2,Table1[[#All],[Hospital_ID]],Table1[[#All],[Patient_Portal]])} -> Yes | I2: {=_xlfn.XLOOKUP(A2,Table1[[#All],[Hospital_ID]],Table1[[#All],[Digital_Training_Pct]])} -> 0.93 | J2: =D2*20 -> 19.4 | K2: =IF(E2="Yes",20,IF(E2="Partial",10,0)) -> 20 | L2: =IF(F2="Yes",15,IF(F2="Partial",7.5,0)) -> 15 | M2: =IF(G2="Yes",10,IF(G2="Partial",5,0)) -> 10 | N2: =IF(H2="Yes",10,IF(H2="Limited",5,0)) -> 10 | O2: =I2*10 -> 9.3 | P2: =SUM(J2:O2) -> 83.7 | Q2: =IF(P2>=80,"Advanced",IF(P2>=60,"Developing",IF(P2>=40,"Needs Improvement","Priority Intervention"))) -> Advanced | R2: =IF(P2<60,"Management Priority","Routine Monitoring") -> Routine Monitoring
A3: H001 | B3: {=_xlfn.XLOOKUP(A3,Table1[[#All],[Hospital_ID]],Table1[[#All],[Hospital_Name]])} -> Nova Medical Centre | C3: {=_xlfn.XLOOKUP(A3,Table1[[#All],[Hospital_ID]],Table1[[#All],[Country]])} -> Germany | D3: {=_xlfn.XLOOKUP(A3,Table1[[#All],[Hospital_ID]],Table1[[#All],[EHR_Adoption_Pct]])} -> 0.96 | E3: {=_xlfn.XLOOKUP(A3,Table1[[#All],[Hospital_ID]],Table1[[#All],[FHIR_Enabled]])} -> Yes | F3: {=_xlfn.XLOOKUP(A3,Table1[[#All],[Hospital_ID]],Table1[[#All],[SNOMED_CT]])} -> Yes | G3: {=_xlfn.XLOOKUP(A3,Table1[[#All],[Hospital_ID]],Table1[[#All],[LOINC]])} -> Yes | H3: {=_xlfn.XLOOKUP(A3,Table1[[#All],[Hospital_ID]],Table1[[#All],[Patient_Portal]])} -> Yes | I3: {=_xlfn.XLOOKUP(A3,Table1[[#All],[Hospital_ID]],Table1[[#All],[Digital_Training_Pct]])} -> 0.91 | J3: =D3*20 -> 19.2 | K3: =IF(E3="Yes",20,IF(E3="Partial",10,0)) -> 20 | L3: =IF(F3="Yes",15,IF(F3="Partial",7.5,0)) -> 15 | M3: =IF(G3="Yes",10,IF(G3="Partial",5,0)) -> 10 | N3: =IF(H3="Yes",10,IF(H3="Limited",5,0)) -> 10 | O3: =I3*10 -> 9.1 | P3: =SUM(J3:O3) -> 83.3 | Q3: =IF(P3>=80,"Advanced",IF(P3>=60,"Developing",IF(P3>=40,"Needs Improvement","Priority Intervention"))) -> Advanced | R3: =IF(P3<60,"Management Priority","Routine Monitoring") -> Routine Monitoring
A4: H002 | B4: {=_xlfn.XLOOKUP(A4,Table1[[#All],[Hospital_ID]],Table1[[#All],[Hospital_Name]])} -> Aurora Medical Centre | C4: {=_xlfn.XLOOKUP(A4,Table1[[#All],[Hospital_ID]],Table1[[#All],[Country]])} -> Netherland | D4: {=_xlfn.XLOOKUP(A4,Table1[[#All],[Hospital_ID]],Table1[[#All],[EHR_Adoption_Pct]])} -> 0.93 | E4: {=_xlfn.XLOOKUP(A4,Table1[[#All],[Hospital_ID]],Table1[[#All],[FHIR_Enabled]])} -> Yes | F4: {=_xlfn.XLOOKUP(A4,Table1[[#All],[Hospital_ID]],Table1[[#All],[SNOMED_CT]])} -> Yes | G4: {=_xlfn.XLOOKUP(A4,Table1[[#All],[Hospital_ID]],Table1[[#All],[LOINC]])} -> Yes | H4: {=_xlfn.XLOOKUP(A4,Table1[[#All],[Hospital_ID]],Table1[[#All],[Patient_Portal]])} -> Yes | I4: {=_xlfn.XLOOKUP(A4,Table1[[#All],[Hospital_ID]],Table1[[#All],[Digital_Training_Pct]])} -> 0.88 | J4: =D4*20 -> 18.6 | K4: =IF(E4="Yes",20,IF(E4="Partial",10,0)) -> 20 | L4: =IF(F4="Yes",15,IF(F4="Partial",7.5,0)) -> 15 | M4: =IF(G4="Yes",10,IF(G4="Partial",5,0)) -> 10 | N4: =IF(H4="Yes",10,IF(H4="Limited",5,0)) -> 10 | O4: =I4*10 -> 8.8 | P4: =SUM(J4:O4) -> 82.4 | Q4: =IF(P4>=80,"Advanced",IF(P4>=60,"Developing",IF(P4>=40,"Needs Improvement","Priority Intervention"))) -> Advanced | R4: =IF(P4<60,"Management Priority","Routine Monitoring") -> Routine Monitoring
A5: H005 | B5: {=_xlfn.XLOOKUP(A5,Table1[[#All],[Hospital_ID]],Table1[[#All],[Hospital_Name]])} -> Europa Health Institute | C5: {=_xlfn.XLOOKUP(A5,Table1[[#All],[Hospital_ID]],Table1[[#All],[Country]])} -> Belgium | D5: {=_xlfn.XLOOKUP(A5,Table1[[#All],[Hospital_ID]],Table1[[#All],[EHR_Adoption_Pct]])} -> 0.94 | E5: {=_xlfn.XLOOKUP(A5,Table1[[#All],[Hospital_ID]],Table1[[#All],[FHIR_Enabled]])} -> Yes | F5: {=_xlfn.XLOOKUP(A5,Table1[[#All],[Hospital_ID]],Table1[[#All],[SNOMED_CT]])} -> Yes | G5: {=_xlfn.XLOOKUP(A5,Table1[[#All],[Hospital_ID]],Table1[[#All],[LOINC]])} -> Yes | H5: {=_xlfn.XLOOKUP(A5,Table1[[#All],[Hospital_ID]],Table1[[#All],[Patient_Portal]])} -> Yes | I5: {=_xlfn.XLOOKUP(A5,Table1[[#All],[Hospital_ID]],Table1[[#All],[Digital_Training_Pct]])} -> 0.86 | J5: =D5*20 -> 18.8 | K5: =IF(E5="Yes",20,IF(E5="Partial",10,0)) -> 20 | L5: =IF(F5="Yes",15,IF(F5="Partial",7.5,0)) -> 15 | M5: =IF(G5="Yes",10,IF(G5="Partial",5,0)) -> 10 | N5: =IF(H5="Yes",10,IF(H5="Limited",5,0)) -> 10 | O5: =I5*10 -> 8.6 | P5: =SUM(J5:O5) -> 82.4 | Q5: =IF(P5>=80,"Advanced",IF(P5>=60,"Developing",IF(P5>=40,"Needs Improvement","Priority Intervention"))) -> Advanced | R5: =IF(P5<60,"Management Priority","Routine Monitoring") -> Routine Monitoring
A6: H004 | B6: {=_xlfn.XLOOKUP(A6,Table1[[#All],[Hospital_ID]],Table1[[#All],[Hospital_Name]])} -> St. Clara Medical Centre | C6: {=_xlfn.XLOOKUP(A6,Table1[[#All],[Hospital_ID]],Table1[[#All],[Country]])} -> France | D6: {=_xlfn.XLOOKUP(A6,Table1[[#All],[Hospital_ID]],Table1[[#All],[EHR_Adoption_Pct]])} -> 0.89 | E6: {=_xlfn.XLOOKUP(A6,Table1[[#All],[Hospital_ID]],Table1[[#All],[FHIR_Enabled]])} -> Yes | F6: {=_xlfn.XLOOKUP(A6,Table1[[#All],[Hospital_ID]],Table1[[#All],[SNOMED_CT]])} -> Yes | G6: {=_xlfn.XLOOKUP(A6,Table1[[#All],[Hospital_ID]],Table1[[#All],[LOINC]])} -> Partial | H6: {=_xlfn.XLOOKUP(A6,Table1[[#All],[Hospital_ID]],Table1[[#All],[Patient_Portal]])} -> Yes | I6: {=_xlfn.XLOOKUP(A6,Table1[[#All],[Hospital_ID]],Table1[[#All],[Digital_Training_Pct]])} -> 0.79 | J6: =D6*20 -> 17.8 | K6: =IF(E6="Yes",20,IF(E6="Partial",10,0)) -> 20 | L6: =IF(F6="Yes",15,IF(F6="Partial",7.5,0)) -> 15 | M6: =IF(G6="Yes",10,IF(G6="Partial",5,0)) -> 5 | N6: =IF(H6="Yes",10,IF(H6="Limited",5,0)) -> 10 | O6: =I6*10 -> 7.9 | P6: =SUM(J6:O6) -> 75.7 | Q6: =IF(P6>=80,"Advanced",IF(P6>=60,"Developing",IF(P6>=40,"Needs Improvement","Priority Intervention"))) -> Developing | R6: =IF(P6<60,"Management Priority","Routine Monitoring") -> Routine Monitoring
A7: H008 | B7: {=_xlfn.XLOOKUP(A7,Table1[[#All],[Hospital_ID]],Table1[[#All],[Hospital_Name]])} -> St.Aldric University Hospital | C7: {=_xlfn.XLOOKUP(A7,Table1[[#All],[Hospital_ID]],Table1[[#All],[Country]])} -> Finland | D7: {=_xlfn.XLOOKUP(A7,Table1[[#All],[Hospital_ID]],Table1[[#All],[EHR_Adoption_Pct]])} -> 0.86 | E7: {=_xlfn.XLOOKUP(A7,Table1[[#All],[Hospital_ID]],Table1[[#All],[FHIR_Enabled]])} -> Yes | F7: {=_xlfn.XLOOKUP(A7,Table1[[#All],[Hospital_ID]],Table1[[#All],[SNOMED_CT]])} -> Yes | G7: {=_xlfn.XLOOKUP(A7,Table1[[#All],[Hospital_ID]],Table1[[#All],[LOINC]])} -> Partial | H7: {=_xlfn.XLOOKUP(A7,Table1[[#All],[Hospital_ID]],Table1[[#All],[Patient_Portal]])} -> Yes | I7: {=_xlfn.XLOOKUP(A7,Table1[[#All],[Hospital_ID]],Table1[[#All],[Digital_Training_Pct]])} -> 0.74 | J7: =D7*20 -> 17.2 | K7: =IF(E7="Yes",20,IF(E7="Partial",10,0)) -> 20 | L7: =IF(F7="Yes",15,IF(F7="Partial",7.5,0)) -> 15 | M7: =IF(G7="Yes",10,IF(G7="Partial",5,0)) -> 5 | N7: =IF(H7="Yes",10,IF(H7="Limited",5,0)) -> 10 | O7: =I7*10 -> 7.4 | P7: =SUM(J7:O7) -> 74.6 | Q7: =IF(P7>=80,"Advanced",IF(P7>=60,"Developing",IF(P7>=40,"Needs Improvement","Priority Intervention"))) -> Developing | R7: =IF(P7<60,"Management Priority","Routine Monitoring") -> Routine Monitoring
A8: H003 | B8: {=_xlfn.XLOOKUP(A8,Table1[[#All],[Hospital_ID]],Table1[[#All],[Hospital_Name]])} -> Helis General Hospital | C8: {=_xlfn.XLOOKUP(A8,Table1[[#All],[Hospital_ID]],Table1[[#All],[Country]])} -> Austria | D8: {=_xlfn.XLOOKUP(A8,Table1[[#All],[Hospital_ID]],Table1[[#All],[EHR_Adoption_Pct]])} -> 0.84 | E8: {=_xlfn.XLOOKUP(A8,Table1[[#All],[Hospital_ID]],Table1[[#All],[FHIR_Enabled]])} -> Partial | F8: {=_xlfn.XLOOKUP(A8,Table1[[#All],[Hospital_ID]],Table1[[#All],[SNOMED_CT]])} -> Partial | G8: {=_xlfn.XLOOKUP(A8,Table1[[#All],[Hospital_ID]],Table1[[#All],[LOINC]])} -> Yes | H8: {=_xlfn.XLOOKUP(A8,Table1[[#All],[Hospital_ID]],Table1[[#All],[Patient_Portal]])} -> Limited | I8: {=_xlfn.XLOOKUP(A8,Table1[[#All],[Hospital_ID]],Table1[[#All],[Digital_Training_Pct]])} -> 0.72 | J8: =D8*20 -> 16.8 | K8: =IF(E8="Yes",20,IF(E8="Partial",10,0)) -> 10 | L8: =IF(F8="Yes",15,IF(F8="Partial",7.5,0)) -> 7.5 | M8: =IF(G8="Yes",10,IF(G8="Partial",5,0)) -> 10 | N8: =IF(H8="Yes",10,IF(H8="Limited",5,0)) -> 5 | O8: =I8*10 -> 7.2 | P8: =SUM(J8:O8) -> 56.5 | Q8: =IF(P8>=80,"Advanced",IF(P8>=60,"Developing",IF(P8>=40,"Needs Improvement","Priority Intervention"))) -> Needs Improvement | R8: =IF(P8<60,"Management Priority","Routine Monitoring") -> Management Priority
A9: H007 | B9: {=_xlfn.XLOOKUP(A9,Table1[[#All],[Hospital_ID]],Table1[[#All],[Hospital_Name]])} -> Helix Medical Centre | C9: {=_xlfn.XLOOKUP(A9,Table1[[#All],[Hospital_ID]],Table1[[#All],[Country]])} -> Denmark | D9: {=_xlfn.XLOOKUP(A9,Table1[[#All],[Hospital_ID]],Table1[[#All],[EHR_Adoption_Pct]])} -> 0.78 | E9: {=_xlfn.XLOOKUP(A9,Table1[[#All],[Hospital_ID]],Table1[[#All],[FHIR_Enabled]])} -> Partial | F9: {=_xlfn.XLOOKUP(A9,Table1[[#All],[Hospital_ID]],Table1[[#All],[SNOMED_CT]])} -> Partial | G9: {=_xlfn.XLOOKUP(A9,Table1[[#All],[Hospital_ID]],Table1[[#All],[LOINC]])} -> Partial | H9: {=_xlfn.XLOOKUP(A9,Table1[[#All],[Hospital_ID]],Table1[[#All],[Patient_Portal]])} -> Partial | I9: {=_xlfn.XLOOKUP(A9,Table1[[#All],[Hospital_ID]],Table1[[#All],[Digital_Training_Pct]])} -> 0.66 | J9: =D9*20 -> 15.6 | K9: =IF(E9="Yes",20,IF(E9="Partial",10,0)) -> 10 | L9: =IF(F9="Yes",15,IF(F9="Partial",7.5,0)) -> 7.5 | M9: =IF(G9="Yes",10,IF(G9="Partial",5,0)) -> 5 | N9: =IF(H9="Yes",10,IF(H9="Limited",5,0)) -> 0 | O9: =I9*10 -> 6.6 | P9: =SUM(J9:O9) -> 44.7 | Q9: =IF(P9>=80,"Advanced",IF(P9>=60,"Developing",IF(P9>=40,"Needs Improvement","Priority Intervention"))) -> Needs Improvement | R9: =IF(P9<60,"Management Priority","Routine Monitoring") -> Management Priority
A10: H009 | B10: {=_xlfn.XLOOKUP(A10,Table1[[#All],[Hospital_ID]],Table1[[#All],[Hospital_Name]])} -> Clinica Santa Marisol | C10: {=_xlfn.XLOOKUP(A10,Table1[[#All],[Hospital_ID]],Table1[[#All],[Country]])} -> Spain | D10: {=_xlfn.XLOOKUP(A10,Table1[[#All],[Hospital_ID]],Table1[[#All],[EHR_Adoption_Pct]])} -> 0.73 | E10: {=_xlfn.XLOOKUP(A10,Table1[[#All],[Hospital_ID]],Table1[[#All],[FHIR_Enabled]])} -> Partial | F10: {=_xlfn.XLOOKUP(A10,Table1[[#All],[Hospital_ID]],Table1[[#All],[SNOMED_CT]])} -> Partial | G10: {=_xlfn.XLOOKUP(A10,Table1[[#All],[Hospital_ID]],Table1[[#All],[LOINC]])} -> No | H10: {=_xlfn.XLOOKUP(A10,Table1[[#All],[Hospital_ID]],Table1[[#All],[Patient_Portal]])} -> Limited | I10: {=_xlfn.XLOOKUP(A10,Table1[[#All],[Hospital_ID]],Table1[[#All],[Digital_Training_Pct]])} -> 0.58 | J10: =D10*20 -> 14.6 | K10: =IF(E10="Yes",20,IF(E10="Partial",10,0)) -> 10 | L10: =IF(F10="Yes",15,IF(F10="Partial",7.5,0)) -> 7.5 | M10: =IF(G10="Yes",10,IF(G10="Partial",5,0)) -> 0 | N10: =IF(H10="Yes",10,IF(H10="Limited",5,0)) -> 5 | O10: =I10*10 -> 5.8 | P10: =SUM(J10:O10) -> 42.9 | Q10: =IF(P10>=80,"Advanced",IF(P10>=60,"Developing",IF(P10>=40,"Needs Improvement","Priority Intervention"))) -> Needs Improvement | R10: =IF(P10<60,"Management Priority","Routine Monitoring") -> Management Priority
A11: H010 | B11: {=_xlfn.XLOOKUP(A11,Table1[[#All],[Hospital_ID]],Table1[[#All],[Hospital_Name]])} -> Nordhavan Regional Medical Centre | C11: {=_xlfn.XLOOKUP(A11,Table1[[#All],[Hospital_ID]],Table1[[#All],[Country]])} -> Italy | D11: {=_xlfn.XLOOKUP(A11,Table1[[#All],[Hospital_ID]],Table1[[#All],[EHR_Adoption_Pct]])} -> 0.69 | E11: {=_xlfn.XLOOKUP(A11,Table1[[#All],[Hospital_ID]],Table1[[#All],[FHIR_Enabled]])} -> No | F11: {=_xlfn.XLOOKUP(A11,Table1[[#All],[Hospital_ID]],Table1[[#All],[SNOMED_CT]])} -> No | G11: {=_xlfn.XLOOKUP(A11,Table1[[#All],[Hospital_ID]],Table1[[#All],[LOINC]])} -> Partial | H11: {=_xlfn.XLOOKUP(A11,Table1[[#All],[Hospital_ID]],Table1[[#All],[Patient_Portal]])} -> No | I11: {=_xlfn.XLOOKUP(A11,Table1[[#All],[Hospital_ID]],Table1[[#All],[Digital_Training_Pct]])} -> 0.51 | J11: =D11*20 -> 13.8 | K11: =IF(E11="Yes",20,IF(E11="Partial",10,0)) -> 0 | L11: =IF(F11="Yes",15,IF(F11="Partial",7.5,0)) -> 0 | M11: =IF(G11="Yes",10,IF(G11="Partial",5,0)) -> 5 | N11: =IF(H11="Yes",10,IF(H11="Limited",5,0)) -> 0 | O11: =I11*10 -> 5.1 | P11: =SUM(J11:O11) -> 23.9 | Q11: =IF(P11>=80,"Advanced",IF(P11>=60,"Developing",IF(P11>=40,"Needs Improvement","Priority Intervention"))) -> Priority Intervention | R11: =IF(P11<60,"Management Priority","Routine Monitoring") -> Management Priority
B15: Hospital_Name | C15: Overall_Readiness_Score
B16: Marbel General Hospital | C16: 83.7
B17: Nova Medical Centre | C17: 83.3
B18: Aurora Medical Centre | C18: 82.4
B19: Europa Health Institute | C19: 82.4
B20: St. Clara Medical Centre | C20: 75.7
B21: St.Aldric University Hospital | C21: 74.6
B22: Helis General Hospital | C22: 56.5
B23: Helix Medical Centre | C23: 44.7
B24: Clinica Santa Marisol | C24: 42.9
B25: Nordhavan Regional Medical Centre | C25: 23.9
B29: INSIGHT
B31: 1)Observation:Hospital H006 has a high a high digital-readiness score
B36: 2)Interpretation: Digital capability appears strong, but technology adoption may not yet be translating fully into operational value.
B40: 3)Possible explanation: Workflow integration, staff utilization, interoperability execution, or data-governance practices may require further review.
B45: 4)Management action: Prioritize process and workflow assessment before recommending additional technology investment.

Sheet 08_ROI_ANALYSIS
A1: Hospital_ID | B1: Hospital_Name | C1: Total_Encounters | D1: Duplicate_Test_Count | E1: Duplicate_Test_Rate | F1: Estimated_Cost_Per_Duplicate_Test | G1: Current_Duplicate_Test_Cost | H1: Expected_Reduction_Pct | I1: Estimated_Period_Savings | J1: Estimated_Annual_Savings | K1: Interoperability_Investment | L1: Beds | M1: Net_First_Year_Benefit | N1: ROI_Pct | O1: Payback_Period_Years | P1: Investment_Priority
A2: H001 | B2: Nova Medical Centre | C2: =COUNTIF(tblEncounters5[[#All],[Hospital_ID]],'08_ROI_ANALYSIS'!A2) -> 5 | D2: =COUNTIFS(tblEncounters5[[#All],[Hospital_ID]],'08_ROI_ANALYSIS'!A2,tblEncounters5[[#All],[Duplicate_Test]],"Yes") -> 3 | E2: =D2/C2 -> 0.6 | F2: =$B$161 -> 5000 | G2: =D2*F2 -> 15000 | H2: =$B$159 -> 0.25 | I2: =G2*H2 -> 3750 | J2: =I2*4 -> 15000 | K2: =IF(L2>=500,50000,IF(L2>=250,35000,20000)) -> 50000 | L2: {=_xlfn.XLOOKUP('08_ROI_ANALYSIS'!A2,Table1[[#All],[Hospital_ID]],Table1[[#All],[Beds]],"Not Found")} -> 720 | M2: =J2-K2 -> -35000 | N2: =M2/K2*100 -> -70 | O2: =IF(J2>0,K2/J2,"NA") -> 3.3333333 | P2: =IF(AND(Table15[[#This Row],[Overall_Readiness_Score]]<60,'08_ROI_ANALYSIS'!E2>=10%),"High Priority",IF(OR(Table15[[#This Row],[Overall_Readiness_Score]]<70,'08_ROI_ANALYSIS'!E2>=5%),"Medium Priority","Routine")) -> Medium Priority
A3: H002 | B3: Aurora Medical Centre | C3: =COUNTIF(tblEncounters5[[#All],[Hospital_ID]],'08_ROI_ANALYSIS'!A3) -> 5 | D3: =COUNTIFS(tblEncounters5[[#All],[Hospital_ID]],'08_ROI_ANALYSIS'!A3,tblEncounters5[[#All],[Duplicate_Test]],"Yes") -> 0 | E3: =D3/C3 -> 0 | F3: =$B$161 -> 5000 | G3: =D3*F3 -> 0 | H3: =$B$159 -> 0.25 | I3: =G3*H3 -> 0 | J3: =I3*4 -> 0 | K3: =IF(L3>=500,50000,IF(L3>=250,35000,20000)) -> 35000 | L3: {=_xlfn.XLOOKUP('08_ROI_ANALYSIS'!A3,Table1[[#All],[Hospital_ID]],Table1[[#All],[Beds]],"Not Found")} -> 460 | M3: =J3-K3 -> -35000 | N3: =M3/K3*100 -> -100 | O3: =IF(J3>0,K3/J3,"NA") -> NA | P3: =IF(AND(Table15[[#This Row],[Overall_Readiness_Score]]<60,'08_ROI_ANALYSIS'!E3>=10%),"High Priority",IF(OR(Table15[[#This Row],[Overall_Readiness_Score]]<70,'08_ROI_ANALYSIS'!E3>=5%),"Medium Priority","Routine")) -> Routine
A4: H003 | B4: Helis General Hospital | C4: =COUNTIF(tblEncounters5[[#All],[Hospital_ID]],'08_ROI_ANALYSIS'!A4) -> 5 | D4: =COUNTIFS(tblEncounters5[[#All],[Hospital_ID]],'08_ROI_ANALYSIS'!A4,tblEncounters5[[#All],[Duplicate_Test]],"Yes") -> 0 | E4: =D4/C4 -> 0 | F4: =$B$161 -> 5000 | G4: =D4*F4 -> 0 | H4: =$B$159 -> 0.25 | I4: =G4*H4 -> 0 | J4: =I4*4 -> 0 | K4: =IF(L4>=500,50000,IF(L4>=250,35000,20000)) -> 35000 | L4: {=_xlfn.XLOOKUP('08_ROI_ANALYSIS'!A4,Table1[[#All],[Hospital_ID]],Table1[[#All],[Beds]],"Not Found")} -> 380 | M4: =J4-K4 -> -35000 | N4: =M4/K4*100 -> -100 | O4: =IF(J4>0,K4/J4,"NA") -> NA | P4: =IF(AND(Table15[[#This Row],[Overall_Readiness_Score]]<60,'08_ROI_ANALYSIS'!E4>=10%),"High Priority",IF(OR(Table15[[#This Row],[Overall_Readiness_Score]]<70,'08_ROI_ANALYSIS'!E4>=5%),"Medium Priority","Routine")) -> Routine
A5: H004 | B5: St. Clara Medical Centre | C5: =COUNTIF(tblEncounters5[[#All],[Hospital_ID]],'08_ROI_ANALYSIS'!A5) -> 5 | D5: =COUNTIFS(tblEncounters5[[#All],[Hospital_ID]],'08_ROI_ANALYSIS'!A5,tblEncounters5[[#All],[Duplicate_Test]],"Yes") -> 0 | E5: =D5/C5 -> 0 | F5: =$B$161 -> 5000 | G5: =D5*F5 -> 0 | H5: =$B$159 -> 0.25 | I5: =G5*H5 -> 0 | J5: =I5*4 -> 0 | K5: =IF(L5>=500,50000,IF(L5>=250,35000,20000)) -> 35000 | L5: {=_xlfn.XLOOKUP('08_ROI_ANALYSIS'!A5,Table1[[#All],[Hospital_ID]],Table1[[#All],[Beds]],"Not Found")} -> 290 | M5: =J5-K5 -> -35000 | N5: =M5/K5*100 -> -100 | O5: =IF(J5>0,K5/J5,"NA") -> NA | P5: =IF(AND(Table15[[#This Row],[Overall_Readiness_Score]]<60,'08_ROI_ANALYSIS'!E5>=10%),"High Priority",IF(OR(Table15[[#This Row],[Overall_Readiness_Score]]<70,'08_ROI_ANALYSIS'!E5>=5%),"Medium Priority","Routine")) -> Routine
A6: H005 | B6: Europa Health Institute | C6: =COUNTIF(tblEncounters5[[#All],[Hospital_ID]],'08_ROI_ANALYSIS'!A6) -> 6 | D6: =COUNTIFS(tblEncounters5[[#All],[Hospital_ID]],'08_ROI_ANALYSIS'!A6,tblEncounters5[[#All],[Duplicate_Test]],"Yes") -> 3 | E6: =D6/C6 -> 0.5 | F6: =$B$161 -> 5000 | G6: =D6*F6 -> 15000 | H6: =$B$159 -> 0.25 | I6: =G6*H6 -> 3750 | J6: =I6*4 -> 15000 | K6: =IF(L6>=500,50000,IF(L6>=250,35000,20000)) -> 50000 | L6: {=_xlfn.XLOOKUP('08_ROI_ANALYSIS'!A6,Table1[[#All],[Hospital_ID]],Table1[[#All],[Beds]],"Not Found")} -> 650 | M6: =J6-K6 -> -35000 | N6: =M6/K6*100 -> -70 | O6: =IF(J6>0,K6/J6,"NA") -> 3.3333333 | P6: =IF(AND(Table15[[#This Row],[Overall_Readiness_Score]]<60,'08_ROI_ANALYSIS'!E6>=10%),"High Priority",IF(OR(Table15[[#This Row],[Overall_Readiness_Score]]<70,'08_ROI_ANALYSIS'!E6>=5%),"Medium Priority","Routine")) -> Medium Priority
A7: H006 | B7: Marbel General Hospital | C7: =COUNTIF(tblEncounters5[[#All],[Hospital_ID]],'08_ROI_ANALYSIS'!A7) -> 5 | D7: =COUNTIFS(tblEncounters5[[#All],[Hospital_ID]],'08_ROI_ANALYSIS'!A7,tblEncounters5[[#All],[Duplicate_Test]],"Yes") -> 0 | E7: =D7/C7 -> 0 | F7: =$B$161 -> 5000 | G7: =D7*F7 -> 0 | H7: =$B$159 -> 0.25 | I7: =G7*H7 -> 0 | J7: =I7*4 -> 0 | K7: =IF(L7>=500,50000,IF(L7>=250,35000,20000)) -> 35000 | L7: {=_xlfn.XLOOKUP('08_ROI_ANALYSIS'!A7,Table1[[#All],[Hospital_ID]],Table1[[#All],[Beds]],"Not Found")} -> 410 | M7: =J7-K7 -> -35000 | N7: =M7/K7*100 -> -100 | O7: =IF(J7>0,K7/J7,"NA") -> NA | P7: =IF(AND(Table15[[#This Row],[Overall_Readiness_Score]]<60,'08_ROI_ANALYSIS'!E7>=10%),"High Priority",IF(OR(Table15[[#This Row],[Overall_Readiness_Score]]<70,'08_ROI_ANALYSIS'!E7>=5%),"Medium Priority","Routine")) -> Routine
A8: H007 | B8: Helix Medical Centre | C8: =COUNTIF(tblEncounters5[[#All],[Hospital_ID]],'08_ROI_ANALYSIS'!A8) -> 5 | D8: =COUNTIFS(tblEncounters5[[#All],[Hospital_ID]],'08_ROI_ANALYSIS'!A8,tblEncounters5[[#All],[Duplicate_Test]],"Yes") -> 3 | E8: =D8/C8 -> 0.6 | F8: =$B$161 -> 5000 | G8: =D8*F8 -> 15000 | H8: =$B$159 -> 0.25 | I8: =G8*H8 -> 3750 | J8: =I8*4 -> 15000 | K8: =IF(L8>=500,50000,IF(L8>=250,35000,20000)) -> 20000 | L8: {=_xlfn.XLOOKUP('08_ROI_ANALYSIS'!A8,Table1[[#All],[Hospital_ID]],Table1[[#All],[Beds]],"Not Found")} -> 210 | M8: =J8-K8 -> -5000 | N8: =M8/K8*100 -> -25 | O8: =IF(J8>0,K8/J8,"NA") -> 1.3333333 | P8: =IF(AND(Table15[[#This Row],[Overall_Readiness_Score]]<60,'08_ROI_ANALYSIS'!E8>=10%),"High Priority",IF(OR(Table15[[#This Row],[Overall_Readiness_Score]]<70,'08_ROI_ANALYSIS'!E8>=5%),"Medium Priority","Routine")) -> High Priority
A9: H008 | B9: St.Aldric University Hospital | C9: =COUNTIF(tblEncounters5[[#All],[Hospital_ID]],'08_ROI_ANALYSIS'!A9) -> 5 | D9: =COUNTIFS(tblEncounters5[[#All],[Hospital_ID]],'08_ROI_ANALYSIS'!A9,tblEncounters5[[#All],[Duplicate_Test]],"Yes") -> 0 | E9: =D9/C9 -> 0 | F9: =$B$161 -> 5000 | G9: =D9*F9 -> 0 | H9: =$B$159 -> 0.25 | I9: =G9*H9 -> 0 | J9: =I9*4 -> 0 | K9: =IF(L9>=500,50000,IF(L9>=250,35000,20000)) -> 50000 | L9: {=_xlfn.XLOOKUP('08_ROI_ANALYSIS'!A9,Table1[[#All],[Hospital_ID]],Table1[[#All],[Beds]],"Not Found")} -> 520 | M9: =J9-K9 -> -50000 | N9: =M9/K9*100 -> -100 | O9: =IF(J9>0,K9/J9,"NA") -> NA | P9: =IF(AND(Table15[[#This Row],[Overall_Readiness_Score]]<60,'08_ROI_ANALYSIS'!E9>=10%),"High Priority",IF(OR(Table15[[#This Row],[Overall_Readiness_Score]]<70,'08_ROI_ANALYSIS'!E9>=5%),"Medium Priority","Routine")) -> Medium Priority
A10: H009 | B10: Clinica Santa Marisol | C10: =COUNTIF(tblEncounters5[[#All],[Hospital_ID]],'08_ROI_ANALYSIS'!A10) -> 5 | D10: =COUNTIFS(tblEncounters5[[#All],[Hospital_ID]],'08_ROI_ANALYSIS'!A10,tblEncounters5[[#All],[Duplicate_Test]],"Yes") -> 1 | E10: =D10/C10 -> 0.2 | F10: =$B$161 -> 5000 | G10: =D10*F10 -> 5000 | H10: =$B$159 -> 0.25 | I10: =G10*H10 -> 1250 | J10: =I10*4 -> 5000 | K10: =IF(L10>=500,50000,IF(L10>=250,35000,20000)) -> 35000 | L10: {=_xlfn.XLOOKUP('08_ROI_ANALYSIS'!A10,Table1[[#All],[Hospital_ID]],Table1[[#All],[Beds]],"Not Found")} -> 340 | M10: =J10-K10 -> -30000 | N10: =M10/K10*100 -> -85.714286 | O10: =IF(J10>0,K10/J10,"NA") -> 7 | P10: =IF(AND(Table15[[#This Row],[Overall_Readiness_Score]]<60,'08_ROI_ANALYSIS'!E10>=10%),"High Priority",IF(OR(Table15[[#This Row],[Overall_Readiness_Score]]<70,'08_ROI_ANALYSIS'!E10>=5%),"Medium Priority","Routine")) -> High Priority
A11: H010 | B11: Nordhavan Regional Medical Centre | C11: =COUNTIF(tblEncounters5[[#All],[Hospital_ID]],'08_ROI_ANALYSIS'!A11) -> 4 | D11: =COUNTIFS(tblEncounters5[[#All],[Hospital_ID]],'08_ROI_ANALYSIS'!A11,tblEncounters5[[#All],[Duplicate_Test]],"Yes") -> 0 | E11: =D11/C11 -> 0 | F11: =$B$161 -> 5000 | G11: =D11*F11 -> 0 | H11: =$B$159 -> 0.25 | I11: =G11*H11 -> 0 | J11: =I11*4 -> 0 | K11: =IF(L11>=500,50000,IF(L11>=250,35000,20000)) -> 20000 | L11: {=_xlfn.XLOOKUP('08_ROI_ANALYSIS'!A11,Table1[[#All],[Hospital_ID]],Table1[[#All],[Beds]],"Not Found")} -> 180 | M11: =J11-K11 -> -20000 | N11: =M11/K11*100 -> -100 | O11: =IF(J11>0,K11/J11,"NA") -> NA | P11: =IF(AND(Table15[[#This Row],[Overall_Readiness_Score]]<60,'08_ROI_ANALYSIS'!E11>=10%),"High Priority",IF(OR(Table15[[#This Row],[Overall_Readiness_Score]]<70,'08_ROI_ANALYSIS'!E11>=5%),"Medium Priority","Routine")) -> Medium Priority
B15: Non-Financial Benefits | D15: Hospital_Name | E15: Estimated_Annual_Savings
B16: improved information availability | D16: Nova Medical Centre | E16: 15000
B17: reduced repetitive clinical work | D17: Aurora Medical Centre | E17: 0
B18: better care continuity | D18: Helis General Hospital | E18: 0
B19: improved patient experience | D19: St. Clara Medical Centre | E19: 0
B20: better structured data | D20: Europa Health Institute | E20: 15000
B21: stronger analytics capability | D21: Marbel General Hospital | E21: 0
B22: easier information exchange | D22: Helix Medical Centre | E22: 15000
B23: improved data governance | D23: St.Aldric University Hospital | E23: 0
B24: future EHDS readiness | D24: Clinica Santa Marisol | E24: 5000
D25: Nordhavan Regional Medical Centre | E25: 0
B27: Total potential duplicate-test cost | C27: =SUM(D2:D11) -> 10 | H27: =50 -> 50
B28: Estimated annual savings | C28: =SUM(J2:J11) -> 50000
B29: Total proposed investment | C29: =SUM(K2:K11) -> 365000 | D29: Hospital_Name | E29: ROI_Pct
B30: Portfolio ROI | C30: =SUM(J2:J11)-SUM(K2:K11)/SUM(K2:K11) -> 49999 | D30: Nova Medical Centre | E30: -70
D31: Aurora Medical Centre | E31: -100
D32: Helis General Hospital | E32: -100
D33: St. Clara Medical Centre | E33: -100
D34: Europa Health Institute | E34: -70
D35: Marbel General Hospital | E35: -100
D36: Helix Medical Centre | E36: -25
D37: St.Aldric University Hospital | E37: -100
D38: Clinica Santa Marisol | E38: -85.714286
D39: Nordhavan Regional Medical Centre | E39: -100
A46: Priority | B46: Hospital(s) | C46: Why it matters | D46: CEO recommendation
A47: 1 — Immediate Pilot | B47: H007 — Helix Medical Centre | C47: Highest practical ROI position in the current model: 60% duplicate-test rate, €15,000 annualized savings, €20,000 investment and the shortest payback (~1.33 years). | D47: Use H007 as the first interoperability/workflow-improvement pilot. Validate duplicate-test causes, prior-result visibility, ordering workflow and staff adoption before scaling.
A48: 2 — High Strategic Priority | B48: H001 — Nova Medical Centre; H005 — Europa Health Institute | C48: Both show high duplicate-test burden (60% and 50%) and €15,000 annualized savings each, but require €50,000 investment and remain negative in first-year ROI. | D48: Perform focused workflow and interoperability assessment first. Consider phased investment only if additional benefits beyond duplicate-test savings are demonstrated.
A49: 3 — Targeted Review | B49: H009 — Clinica Santa Marisol | C49: Moderate duplicate-test rate (20%) with €5,000 annualized savings against €35,000 investment; financial return is weak on duplicate-test reduction alone. | D49: Keep on a targeted improvement/watchlist. Prioritize low-cost workflow, data-quality and result-visibility changes before capital investment.
A50: 4 — Routine Monitoring | B50: H002, H003, H004, H006, H008, H010 | C50: No duplicate-test savings opportunity is visible in the current synthetic sample, while estimated interoperability investment remains substantial. | D50: Do not justify investment from duplicate-test ROI alone. Continue monitoring digital readiness, data quality, user workflow, interoperability gaps and non-financial benefits.
A54: Final Executive Conclusion
A58: A network-wide interoperability investment should not be justified by duplicate-test savings alone.
A60: H007 – Helix Medical Centre is the strongest pilot candidate because it combines a high duplicate-test burden, lower investment requirement, and the shortest payback period.
A62: H001 – Nova Medical Centre and H005 – Europa Health Institute should receive high strategic attention, but major investment should follow further review of workflow, interoperability, staff adoption, and data quality.
A64: H009 – Clinica Santa Marisol is better suited for targeted, lower-cost process improvements before major capital investment.
A66: Hospitals with no current duplicate-test savings signal should remain under routine monitoring rather than receiving investment based only on ROI.
A68: Management should follow a phased digital transformation strategy: pilot first, measure outcomes, validate value, and then scale.
A70: Investment decisions should consider both financial and non-financial benefits.
A72: Non-financial value includes better continuity of care, improved information availability, stronger data quality, better governance, and more efficient clinical workflows.
A74: Future digital investment should also support interoperability and readiness for the European Health Data Space (EHDS).
A76: Final recommendation: prioritize evidence-based, targeted investment rather than technology expansion across all hospitals at the same time.
A159: Expected duplicate-test reduction | B159: 0.25
A161: Estimated_Cost_Per_Duplicate_Test | B161: =5000 -> 5000

Sheet 09_CEO_DASHBOARD
A1: EUROPEAN HOSPITAL DIGITAL READINESS & ROI DASHBOARD
A3: Executive Decision Support | Synthetic European Hospital Network | Excel Portfolio Project
A5: AVERAGE DIGITAL READINESS | D5: DUPLICATE TEST RATE | G5: ESTIMATED ANNUAL SAVINGS | J5: TOTAL PROPOSED INVESTMENT | M5: PRIORITY HOSPITALS
A6: =AVERAGE('07_DIGITAL_READINESS'!P2:P11) -> 65.01 | D6: =SUM('08_ROI_ANALYSIS'!D2:D11)/SUM('08_ROI_ANALYSIS'!C2:C11) -> 0.2 | G6: =SUM('08_ROI_ANALYSIS'!J2:J11) -> 50000 | J6: =SUM('08_ROI_ANALYSIS'!K2:K11) -> 365000 | M6: =COUNTIF('07_DIGITAL_READINESS'!R2:R11,"Management Priority") -> 4
A10: Hospital_Name | B10: Overall_Readiness_Score | K10: Hospital_Name | L10: Estimated_Annual_Savings
A11: Marbel General Hospital | B11: 83.7 | K11: Nova Medical Centre | L11: 15000
A12: Nova Medical Centre | B12: 83.3 | K12: Aurora Medical Centre | L12: 0
A13: Aurora Medical Centre | B13: 82.4 | K13: Helis General Hospital | L13: 0
A14: Europa Health Institute | B14: 82.4 | K14: St. Clara Medical Centre | L14: 0
A15: St. Clara Medical Centre | B15: 75.7 | K15: Europa Health Institute | L15: 15000
A16: St.Aldric University Hospital | B16: 74.6 | K16: Marbel General Hospital | L16: 0
A17: Helis General Hospital | B17: 56.5 | K17: Helix Medical Centre | L17: 15000
A18: Helix Medical Centre | B18: 44.7 | K18: St.Aldric University Hospital | L18: 0
A19: Clinica Santa Marisol | B19: 42.9 | K19: Clinica Santa Marisol | L19: 5000
A20: Nordhavan Regional Medical Centre | B20: 23.9 | K20: Nordhavan Regional Medical Centre | L20: 0
